Tapa y base,Cumple con el reglamento RoHS de la UE,Vida útil nominal (nominal) h,Ciclo de alternado,Nivel,Código de color,Ángulo de haz (nominal),Flujo luminoso (nominal) lm,Designación de color,Temperatura de color correlacionada (nominal) K,Eficacia lumínica (promedio) (nominal) lm/W,Consistencia de color,Índice de reproducción de color (Nom),LLMF al final de la vida útil nominal (nominal),Frecuencia de entrada,Potencia (nominal) W,Corriente de la lámpara (máx.) mA,Corriente de la lámpara (mín.) mA,Equivalente en potencia en vatios,Tiempo de inicio (nominal) s,Tiempo de calentamiento para 60 % de luz (nominal) s,Tipo UL,Factor de potencia (nominal),Voltaje (nominal),T° ambiente (máx.) °C,T° ambiente (mín.) °C,T° almacenamiento (máx.) °C,T° almacenamiento (mín.) °C,T° estuche máxima (nominal) °C,Con regulación de intensidad,Acabado del foco,Material del foco,Longitud del producto mm,Forma del foco,Conformidad con RoHS,Certificado UL,Cumplimiento con DLC,Consumo de energía kWh/1000 h kWh,Nombre del producto del pedido,EAN/UPC: producto,Código del pedido,Numerador SAP: cantidad por paquete,Numerador: paquetes por caja externa,N.° de material (12NC),Copiar peso neto (pieza) kg,Número de modelo,Flujo luminoso (promedio) (nominal) lm,Marcado CE,Certificado KEMA Keur,Código local,Código del producto completo,Descripción del código local calculado B2B,Marca CE,Referencia de medición de flujo,Clase de eficacia energética,TUV,Número de registro de EPREL,Certificaciones Energy,Tipo técnico,Conectividad,Intensidad lumínica (nominal) cd,Corriente de la lámpara (nominal) mA,Energy Star,2200 K,2700 K,Flujo luminoso en cono de 90° (promedio) lm,Aplicación principal,Controlador incluido,Interfaz de control,Cable,Clase de protección IEC,Prueba de resplandor del cable,Período de garantía,Salida lumínica constante,Cantidad de productos en MCB de 16 A Tipo B),Tensión de entrada V,Consumo de energía de CLO inicial W,Consumo de energía de CLO promedio W,Factor de potencia (mín.),Longitud total mm,Ancho total mm,Altura total mm,Código de protección de ingreso,Código de protección de impacto mec.,Flujo luminoso inicial lm,Tolerancia del flujo luminoso,Eficacia de la luminaria LED inicial lm/W,Temperatura de color correlacionada inic. K,Índice de reproducción de color inic.,Cromaticidad inicial,Potencia de entrada inicial W,Tolerancia del consumo de energía,Vida útil media L70B50 h,Rango de temperatura ambiente,Nivel de regulación máximo
G13 [ Medium Bi-Pin Fluorescent],Sí,70000.0,50000,MasterConnect,835 [ CCT de 3.500 K],160 °,2000.0,Blanco (WH),3500.0,142.0,<6,82.0,70 %,De 28 K a 100 K Hz,14.0,380.0,120.0,25-28-30-32 W,0.5,0.5,Tipo A TLED: lista UL HF,0.9,100-380 V,45.0,-20.0,65.0,-40.0,40.0,Regulación de intensidad inalámbrica,Esmerilado,Plástico,1200.0,"Tubo, terminal doble",Sí,Sí,Sí,,14T8/48-835/IF20/MC IA 10/1,46677547295,929002051804,1,10,929002051804,0.22,,,,,,,,,,,,,,,,,,,,,,,,,,,,,,,,,,,,,,,,,,,,,,,,,,
G13 [ Medium Bi-Pin Fluorescent],Sí,70000.0,50000,MasterConnect,840 [ CCT de 4.000 K],160 °,2100.0,Blanco frío (CW),4000.0,150.0,<6,82.0,70 %,De 28 K a 100 K Hz,14.0,380.0,120.0,25-28-30-32 W,0.5,0.5,Tipo A TLED: lista UL HF,0.9,100-380 V,45.0,-20.0,65.0,-40.0,40.0,Regulación de intensidad inalámbrica,Esmerilado,Plástico,1200.0,"Tubo, terminal doble",Sí,Sí,Sí,,14T8/48-840/IF21/MC IA 10/1,46677547301,929002051904,1,10,929002051904,0.22,,,,,,,,,,,,,,,,,,,,,,,,,,,,,,,,,,,,,,,,,,,,,,,,,,
G13 [ Medium Bi-Pin Fluorescent],Sí,70000.0,50000,MasterConnect,850 [ CCT de 5.000 K],160 °,2100.0,Luz de día,5000.0,150.0,<5,82.0,70 %,De 28 K a 100 K Hz,14.0,380.0,120.0,25-28-30-32 W,0.5,0.5,Tipo A TLED: lista UL HF,0.9,100-380 V,45.0,-20.0,65.0,-40.0,40.0,Regulación de intensidad inalámbrica,Esmerilado,Plástico,1200.0,"Tubo, terminal doble",Sí,Sí,Sí,,14T8/48-850/IF21/MC IA 10/1,46677547318,929002052004,1,10,929002052004,0.22,,,,,,,,,,,,,,,,,,,,,,,,,,,,,,,,,,,,,,,,,,,,,,,,,,
G13 ROT (Rotating) [ Medium Bi-Pin Fluorescent],Sí,70000.0,50000,MasterConnect,835 [ CCT de 3.500 K],160 °,2000.0,Blanco (WH),3500.0,137.0,<6,82.0,70 %,50 a 60 Hz,14.5,125.0,59.0,25-28-30-32 W,1.0,0.5,Tipo B TLED: extremo doble de clasificación UL,0.9,120-277 V,45.0,-20.0,65.0,-40.0,45.0,Regulación de intensidad inalámbrica,Esmerilado,Plástico,1200.0,"Tubo, terminal doble",Sí,Sí,Sí,,14.5T8/48-835/MF20/MC IA 10/1,46677562731,929002456604,1,10,929002456604,0.22,9290024566.0,,,,,,,,,,,,,,,,,,,,,,,,,,,,,,,,,,,,,,,,,,,,,,,,,
G13 ROT (Rotating) [ Medium Bi-Pin Fluorescent],Sí,70000.0,50000,MasterConnect,840 [ CCT de 4.000 K],160 °,2100.0,Blanco frío (CW),4000.0,144.0,<6,82.0,70 %,50 a 60 Hz,14.5,125.0,59.0,25-28-30-32 W,1.0,0.5,Tipo B TLED: extremo doble de clasificación UL,0.9,120-277 V,45.0,-20.0,65.0,-40.0,45.0,Regulación de intensidad inalámbrica,Esmerilado,Plástico,1200.0,"Tubo, terminal doble",Sí,Sí,Sí,,14.5T8/48-840/MF21/MC IA 10/1,46677562748,929002456704,1,10,929002456704,0.22,9290024567.0,,,,,,,,,,,,,,,,,,,,,,,,,,,,,,,,,,,,,,,,,,,,,,,,,
G13 ROT (Rotating) [ Medium Bi-Pin Fluorescent],Sí,70000.0,50000,MasterConnect,850 [ CCT de 5.000 K],160 °,2100.0,Luz de día,5000.0,144.0,<5,82.0,70 %,50 a 60 Hz,14.5,125.0,59.0,25-28-30-32 W,1.0,0.5,Tipo B TLED: extremo doble de clasificación UL,0.9,120-277 V,45.0,-20.0,65.0,-40.0,45.0,Regulación de intensidad inalámbrica,Esmerilado,Plástico,1200.0,"Tubo, terminal doble",Sí,Sí,Sí,,14.5T8/48-850/MF21/MC IA 10/1,46677562755,929002456804,1,10,929002456804,0.22,9290024568.0,,,,,,,,,,,,,,,,,,,,,,,,,,,,,,,,,,,,,,,,,,,,,,,,,
G13 [ Medium Bi-Pin Fluorescent],Sí,50000.0,200000,,840 [ CCT de 4.000 K],160 °,2100.0,Blanco frío (CW),4000.0,150.0,<6,80.0,70 %,50 a 60 Hz,14.0,170.0,50.0,,0.5,0.5,,0.92,100-277 V,45.0,-20.0,65.0,-40.0,55.0,No,Esmerilado,,1200.0,"Tubo, terminal doble",Sí,,,14.0,MASTER LEDtube STD 1200mm 14W840 T8 I W,46677554224,929001375442,1,25,929001375442,0.1,,2100.0,Sí,Sí,554220.0,,,,,,,,,,,,,,,,,,,,,,,,,,,,,,,,,,,,,,,,,,,,,
G13 [ Medium Bi-Pin Fluorescent],Sí,60000.0,200000,,840 [ CCT de 4.000 K],160 °,2100.0,Blanco frío (CW),4000.0,116.0,<6,80.0,70 %,50 a 60 Hz,18.0,183.0,69.0,,0.5,0.5,,0.9,100-277 V,45.0,-20.0,65.0,-40.0,60.0,No,,,1200.0,"Tubo, terminal doble",Sí,Sí,,18.0,MASTER LEDtube 1200mm HO VWV 18W 840 T8,8718696811191,929001877312,1,10,929001877312,0.22,,,Sí,Sí,350223.0,871869681119100.0,MAS LEDtube 1200mm HO VWV 18W 840 T8,,,,,,,,,,,,,,,,,,,,,,,,,,,,,,,,,,,,,,,,,,,
G13 [ Medium Bi-Pin Fluorescent],Sí,60000.0,200000,,865 [ CCT de 6.500 K],160 °,2100.0,Luz de día fría,6500.0,116.0,<6,80.0,70 %,50 a 60 Hz,18.0,183.0,69.0,,0.5,0.5,,0.9,100-277 V,45.0,-20.0,65.0,-40.0,60.0,No,,,1200.0,"Tubo, terminal doble",Sí,Sí,,18.0,MASTER LEDtube 1200mm HO VWV 18W 865 T8,8718696811214,929001877412,1,10,929001877412,0.22,,,Sí,Sí,350231.0,871869681121400.0,MAS LEDtube 1200mm HO VWV 18W 865 T8,,,,,,,,,,,,,,,,,,,,,,,,,,,,,,,,,,,,,,,,,,,
G13 [ Medium Bi-Pin Fluorescent],Sí,60000.0,200000,,840 [ CCT de 4.000 K],160 °,1050.0,Blanco frío (CW),4000.0,105.0,<6,80.0,70 %,50 a 60 Hz,10.0,101.0,38.0,,0.5,0.5,,0.9,100-277 V,45.0,-20.0,65.0,-40.0,60.0,No,Esmerilado,,600.0,"Tubo, terminal doble",Sí,Sí,,10.0,MASTER LEDtube 600mm HO VWV 10W 840 T8,8718696811238,929001877512,1,10,929001877512,0.12,,,Sí,Sí,350207.0,871869681123800.0,MAS LEDtube 600mm HO VWV 10W 840 T8,,,,,,,,,,,,,,,,,,,,,,,,,,,,,,,,,,,,,,,,,,,
G13 [ Medium Bi-Pin Fluorescent],Sí,60000.0,200000,,865 [ CCT de 6.500 K],160 °,1050.0,Luz de día fría,6500.0,105.0,<6,80.0,70 %,50 a 60 Hz,10.0,101.0,38.0,,0.5,0.5,,0.9,100-277 V,45.0,-20.0,65.0,-40.0,60.0,No,Esmerilado,,600.0,"Tubo, terminal doble",Sí,Sí,,10.0,MASTER LEDtube 600mm HO VWV 10W 865 T8,8718696811276,929001877612,1,10,929001877612,0.115,,,Sí,Sí,350215.0,871869681127600.0,,,,,,,,,,,,,,,,,,,,,,,,,,,,,,,,,,,,,,,,,,,,
G13 [ Medium Bi-Pin Fluorescent],Sí,60000.0,200000,,840 [ CCT de 4.000 K],190 °,2100.0,Blanco frío (CW),4000.0,116.0,<6,80.0,70 %,50 a 60 Hz,18.0,175.0,68.0,,0.5,0.5,,0.9,100-277 V,45.0,-20.0,65.0,-40.0,50.0,No,Esmerilado,Plástico,1200.0,"Tubo, terminal doble",Sí,Sí,,,MASTER LEDtube 1200mm HO VWV 18W 840 T8,8719514469259,929003557512,1,20,929003557512,0.195,,,Sí,Sí,,871951446925900.0,,,,,,,,,,,,,,,,,,,,,,,,,,,,,,,,,,,,,,,,,,,,
G13 [ Medium Bi-Pin Fluorescent],Sí,60000.0,200000,,865 [ CCT de 6.500 K],190 °,2100.0,Luz de día fría,6500.0,116.0,<6,80.0,70 %,50 a 60 Hz,18.0,175.0,68.0,,0.5,0.5,,0.9,100-277 V,45.0,-20.0,65.0,-40.0,50.0,No,Esmerilado,Plástico,1200.0,"Tubo, terminal doble",Sí,Sí,,,MASTER LEDtube 1200mm HO VWV 18W 865 T8,8719514469273,929003557612,1,20,929003557612,0.195,,,Sí,Sí,,871951446927300.0,,,,,,,,,,,,,,,,,,,,,,,,,,,,,,,,,,,,,,,,,,,,
G13 [ Medium Bi-Pin Fluorescent],Sí,60000.0,200000,,840 [ CCT de 4.000 K],190 °,1050.0,Blanco frío (CW),4000.0,105.0,<6,80.0,70 %,50 a 60 Hz,10.0,92.0,36.0,,0.5,0.5,,0.9,100-277 V,45.0,-20.0,65.0,-40.0,50.0,No,Esmerilado,Plástico,600.0,"Tubo, terminal doble",Sí,Sí,,,MASTER LEDtube 600mm HO VWV 10W 840 T8,8719514469297,929003557712,1,20,929003557712,0.106,,,Sí,Sí,,871951446929700.0,,,,,,,,,,,,,,,,,,,,,,,,,,,,,,,,,,,,,,,,,,,,
G13 [ Medium Bi-Pin Fluorescent],Sí,60000.0,200000,,865 [ CCT de 6.500 K],190 °,1050.0,Luz de día fría,6500.0,105.0,<6,80.0,70 %,50 a 60 Hz,10.0,92.0,36.0,,0.5,0.5,,0.9,100-277 V,45.0,-20.0,65.0,-40.0,50.0,No,Esmerilado,Plástico,600.0,"Tubo, terminal doble",Sí,Sí,,,MASTER LEDtube 600mm HO VWV 10W 865 T8,8719514469310,929003557812,1,20,929003557812,0.106,,,Sí,Sí,,871951446931000.0,,,,,,,,,,,,,,,,,,,,,,,,,,,,,,,,,,,,,,,,,,,,
G13 [ Medium Bi-Pin Fluorescent],Sí,60000.0,200000,MASTER Value,840 [ CCT de 4.000 K],190 °,3100.0,Blanco frío (CW),4000.0,151.0,<6,80.0,70 %,50 a 60 Hz,20.5,97.0,89.0,,0.5,0.5,,0.9,220-240 V,45.0,-20.0,65.0,-40.0,65.0,No,Esmerilado,Cristal,1500.0,"Tubo, terminal doble",Sí,,,21.0,MASTER LEDtube VLE 1500mm HO 20.5W 840 T8,8718699646936,929002021802,1,10,929002021802,0.25,,,Sí,Sí,,871869964693600.0,,Sí,Sphere,D,Sí,1095869.0,,,,,,,,,,,,,,,,,,,,,,,,,,,,,,,,,,,,,,
G13 [ Medium Bi-Pin Fluorescent],Sí,60000.0,200000,MASTER Value,865 [ CCT de 6.500 K],190 °,3100.0,Luz de día fría,6500.0,151.0,<6,80.0,70 %,50 a 60 Hz,20.5,97.0,89.0,,0.5,0.5,,0.9,220-240 V,45.0,-20.0,65.0,-40.0,65.0,No,Esmerilado,Cristal,1500.0,"Tubo, terminal doble",Sí,,,21.0,MASTER LEDtube VLE 1500mm HO 20.5W 865 T8,8718699646950,929002021902,1,10,929002021902,0.25,,,Sí,Sí,,871869964695000.0,,Sí,Sphere,D,Sí,1095870.0,,,,,,,,,,,,,,,,,,,,,,,,,,,,,,,,,,,,,,
G13 [ Medium Bi-Pin Fluorescent],Sí,25000.0,50000,,840 [ CCT de 4.000 K],240 °,2100.0,Blanco frío (CW),4000.0,116.0,<6,80.0,70 %,50 a 60 Hz,18.0,160.0,95.0,,0.5,0.5,,0.92,100-240 V,45.0,-20.0,65.0,-40.0,65.0,No,,,1200.0,"Tubo, terminal doble",Sí,,,18.0,CorePro LEDtube 1200mm HO 18W840 C W G,8718699637613,929002000072,1,25,929002000072,0.225,,,,,,871869963761300.0,Lâmpada Led Tubular CPLTUBET8-18W2100MVN,,,,,,,,,,,,,,,,,,,,,,,,,,,,,,,,,,,,,,,,,,,
G13 [ Medium Bi-Pin Fluorescent],Sí,25000.0,50000,,865 [ CCT de 6.500 K],240 °,2100.0,Luz de día fría,6500.0,116.0,<6,80.0,70 %,50 a 60 Hz,18.0,160.0,95.0,,0.5,0.5,,0.92,100-240 V,45.0,-20.0,65.0,-40.0,65.0,No,,,1200.0,"Tubo, terminal doble",Sí,,,18.0,CorePro LEDtube 1200mm HO 18W865 C W G,8718699637637,929002000172,1,25,929002000172,0.225,,,,,,871869963763700.0,Lâmpada Led Tubular CPLTUBET8-18W2100MVF,,,,,,,,,,,,,,,,,,,,,,,,,,,,,,,,,,,,,,,,,,,
G13 [ Medium Bi-Pin Fluorescent],Sí,30000.0,200000X,,840 [ CCT de 4.000 K],240 °,800.0,Blanco frío (CW),4000.0,100.0,<6,80.0,70 %,50 a 60 Hz,8.0,92.0,31.0,,0.5,0.5,,0.9,100-277 V,45.0,-20.0,65.0,-40.0,50.0,No,Esmerilado,Cristal,600.0,"Tubo, terminal doble",Sí,,,,CorePro LEDtube 600mm 8W 840 VWV T8,8719514453029,929003534411,1,20,929003534411,0.12,,,,Sí,,871951445302900.0,,,,,,,,,,,,,,,,,,,,,,,,,,,,,,,,,,,,,,,,,,,,
G13 [ Medium Bi-Pin Fluorescent],Sí,30000.0,200000X,,865 [ CCT de 6.500 K],240 °,800.0,Luz de día fría,6500.0,100.0,<6,80.0,70 %,50 a 60 Hz,8.0,92.0,31.0,,0.5,0.5,,0.9,100-277 V,45.0,-20.0,65.0,-40.0,50.0,No,Esmerilado,Cristal,600.0,"Tubo, terminal doble",Sí,,,,CorePro LEDtube 600mm 8W 865 VWV T8,8719514453043,929003534511,1,20,929003534511,0.12,,,,Sí,,871951445304300.0,,,,,,,,,,,,,,,,,,,,,,,,,,,,,,,,,,,,,,,,,,,,
G13 [ Medium Bi-Pin Fluorescent],Sí,30000.0,200000X,,840 [ CCT de 4.000 K],240 °,1600.0,Blanco frío (CW),4000.0,100.0,<6,80.0,70 %,50 a 60 Hz,16.0,174.0,57.0,,0.5,0.5,,0.9,100-277 V,45.0,-20.0,65.0,-40.0,60.0,No,Esmerilado,Cristal,1200.0,"Tubo, terminal doble",Sí,,,,CorePro LEDtube 1200mm 16W 840 VWV T8,8719514453067,929003534611,1,20,929003534611,0.22,,,,Sí,,871951445306700.0,,,,,,,,,,,,,,,,,,,,,,,,,,,,,,,,,,,,,,,,,,,,
G13 [ Medium Bi-Pin Fluorescent],Sí,30000.0,200000X,,865 [ CCT de 6.500 K],240 °,1600.0,Luz de día fría,6500.0,100.0,<6,80.0,70 %,50 a 60 Hz,16.0,174.0,57.0,,0.5,0.5,,0.9,100-277 V,45.0,-20.0,65.0,-40.0,60.0,No,Esmerilado,Cristal,1200.0,"Tubo, terminal doble",Sí,,,,CorePro LEDtube 1200mm 16W 865 VWV T8,8719514453081,929003534711,1,20,929003534711,0.22,,,,Sí,,871951445308100.0,,,,,,,,,,,,,,,,,,,,,,,,,,,,,,,,,,,,,,,,,,,,
G13 [ Medium Bi-Pin Fluorescent],Sí,30000.0,200000X,,840 [ CCT de 4.000 K],240 °,2100.0,Blanco frío (CW),4000.0,116.0,<6,80.0,70 %,50 a 60 Hz,18.0,209.0,69.0,,0.5,0.5,,0.9,100-277 V,45.0,-20.0,65.0,-40.0,60.0,No,Esmerilado,Cristal,1200.0,"Tubo, terminal doble",Sí,,,,CorePro LEDtube HO 1200mm 18W840 VWV T8,8719514453104,929003534811,1,20,929003534811,0.22,,,,Sí,,871951445310400.0,,,,,,,,,,,,,,,,,,,,,,,,,,,,,,,,,,,,,,,,,,,,
G13 [ Medium Bi-Pin Fluorescent],Sí,30000.0,200000X,,865 [ CCT de 6.500 K],240 °,2100.0,Luz de día fría,6500.0,116.0,<6,80.0,70 %,50 a 60 Hz,18.0,209.0,69.0,,0.5,0.5,,0.9,100-277 V,45.0,-20.0,65.0,-40.0,60.0,No,Esmerilado,Cristal,1200.0,"Tubo, terminal doble",Sí,,,,CorePro LEDtube HO 1200mm 18W865 VWV T8,8719514453128,929003534911,1,20,929003534911,0.22,,,,Sí,,871951445312800.0,,,,,,,,,,,,,,,,,,,,,,,,,,,,,,,,,,,,,,,,,,,,
G5 [ G5],Sí,30000.0,50000,,840 [ CCT de 4.000 K],200 °,1850.0,Blanco frío (CW),4000.0,115.0,<6,80.0,70 %,50 a 60 Hz,16.0,175.0,70.0,,0.5,0.5,,0.92,100-240 V,45.0,-20.0,65.0,-40.0,70.0,No,,,1200.0,"Tubo, terminal doble",Sí,,,,CorePro LEDtube 1200mm 16W840 G5 I MX,8718696667521,929001275212,1,20,929001275212,0.124,,,Sí,Sí,335489.0,871869666752100.0,ESSENTIAL LEDTUBE 1200MM 16W840 G5 I MX,,,,,,,,,,,,,,,,,,,,,,,,,,,,,,,,,,,,,,,,,,,
G5 [ G5],Sí,30000.0,50000,,840 [ CCT de 4.000 K],200 °,900.0,Blanco frío (CW),4000.0,112.0,<6,80.0,70 %,50 a 60 Hz,8.0,75.0,30.0,,0.5,0.5,,0.92,100-240 V,45.0,-20.0,65.0,-40.0,70.0,No,,,600.0,"Tubo, terminal doble",Sí,,,,CorePro LEDtube 600mm 8W840 G5 I MX,8718696667569,929001275412,1,20,929001275412,0.07,,,Sí,Sí,359570.0,871869666756900.0,ESSENTIAL LEDTUBE 600MM 8W840 G5 I MX,,,,,,,,,,,,,,,,,,,,,,,,,,,,,,,,,,,,,,,,,,,
G5 [ G5],Sí,30000.0,50000,,865 [ CCT de 6.500 K],200 °,900.0,Luz de día fría,6500.0,112.0,<6,80.0,70 %,50 a 60 Hz,8.0,75.0,30.0,,0.5,0.5,,0.92,100-240 V,45.0,-20.0,65.0,-40.0,70.0,No,,Cristal,600.0,"Tubo, terminal doble",Sí,,,,CorePro LEDtube 600mm 8W865 G5 I MX,8718696667583,929001275512,1,20,929001275512,0.07,,,Sí,Sí,359588.0,871869666758300.0,ESSENTIAL LEDTUBE 600MM 8W865 G5 I MX,,,,,,,,,,,,,,,,,,,,,,,,,,,,,,,,,,,,,,,,,,,
G13 [ Medium Bi-Pin Fluorescent],Sí,30000.0,200000,,865 [ CCT de 6.500 K],240 °,800.0,Luz de día fría,6500.0,100.0,<6,80.0,70 %,50 a 60 Hz,8.0,81.0,33.0,,0.5,0.5,,0.9,100-277 V,45.0,-20.0,65.0,-40.0,55.0,No,,,600.0,"Tubo, terminal doble",Sí,Sí,,,CorePro LEDtube 600mm 8W 865 VWV T8,8718699599362,929001947411,1,10,929001947411,0.12,,,,Sí,112250.0,871869959936200.0,,,,,,,,,,,,,,,,,,,,,,,,,,,,,,,,,,,,,,,,,,,,
G13 [ Medium Bi-Pin Fluorescent],Sí,30000.0,200000,,865 [ CCT de 6.500 K],240 °,2100.0,Luz de día fría,6500.0,116.0,<6,80.0,70 %,50 a 60 Hz,18.0,183.0,68.0,,0.5,0.5,,0.9,100-277 V,45.0,-20.0,65.0,-40.0,55.0,No,,,1200.0,"Tubo, terminal doble",Sí,Sí,,,CorePro LEDtube HO 1200mm 18W865 VWV T8,8718699599447,929001947811,1,10,929001947811,0.183,,,,Sí,112011.0,871869959944700.0,,,,,,,,,,,,,,,,,,,,,,,,,,,,,,,,,,,,,,,,,,,,
G13 [ Medium Bi-Pin Fluorescent],Sí,15000.0,50000,,740 [ CCT de 4.000 K],240 °,1600.0,Blanco frío (CW),4000.0,100.0,<7,70.0,0.7 %,50 a 60 Hz,16.0,256.0,157.0,,0.5,0.5,,0.5,110-220 V,45.0,-20.0,65.0,-40.0,220.0,No,,,1200.0,"Tubo, terminal doble",Sí,,,,ECOFIT LEDtube 1200mm 16W 740 T8 C G WV,8718699596866,929001939511,1,20,929001939511,0.215,,,,Sí,117945.0,871869959686600.0,ECOFIT LEDtube 1200mm 16W 740 T8 C G WV,,,,,,,,,,,,,,,,,,,,,,,,,,,,,,,,,,,,,,,,,,,
G13 [ Medium Bi-Pin Fluorescent],Sí,15000.0,50000,,765 [ CCT de 6.500 K],240 °,1600.0,Luz de día fría,6500.0,100.0,<7,70.0,0.7 %,50 a 60 Hz,16.0,256.0,157.0,,0.5,0.5,,0.5,110-220 V,45.0,-20.0,65.0,-40.0,220.0,No,,,1200.0,"Tubo, terminal doble",Sí,,,,ECOFIT LEDtube 1200mm 16W 765 T8 C G WV,8718699596880,929001939611,1,20,929001939611,0.215,,,,Sí,117952.0,871869959688000.0,ECOFIT LEDtube 1200mm 16W 765 T8 C G WV,,,,,,,,,,,,,,,,,,,,,,,,,,,,,,,,,,,,,,,,,,,
G13 [ Medium Bi-Pin Fluorescent],Sí,15000.0,50000,,765 [ CCT de 6.500 K],240 °,800.0,Luz de día fría,6500.0,100.0,<7,70.0,0.7 %,50 a 60 Hz,8.0,133.0,76.0,,0.5,0.5,,0.5,110-220 V,45.0,-20.0,65.0,-40.0,220.0,No,,,600.0,"Tubo, terminal doble",Sí,,,,ECOFIT LEDtube 600mm 8W 765 T8 C G WV,8718699596927,929001939811,1,20,929001939811,0.12,,,,Sí,117937.0,871869959692700.0,ECOFIT LEDtube 600mm 8W 765 T8 C G WV,,,,,,,,,,,,,,,,,,,,,,,,,,,,,,,,,,,,,,,,,,,
G13 [ Medium Bi-Pin Fluorescent],Sí,15000.0,50000,,740 [ CCT de 4.000 K],240 °,1600.0,Blanco frío (CW),4000.0,100.0,<7,70.0,70 %,50 a 60 Hz,16.0,256.0,157.0,,0.5,0.5,,0.5,110-220 V,45.0,-20.0,65.0,-40.0,50.0,No,Esmerilado,Cristal,1200.0,"Tubo, terminal doble",Sí,,,,ECOFIT E LEDtube 1200mm 16W 740 T8 WV,46677580339,929003561411,1,25,929003561411,0.18,,,,Sí,,,,,,,,,,,,,,,,,,,,,,,,,,,,,,,,,,,,,,,,,,,,,,
G13 [ Medium Bi-Pin Fluorescent],Sí,15000.0,50000,,765 [ CCT de 6.500 K],240 °,1600.0,Luz de día fría,6500.0,100.0,<7,70.0,70 %,50 a 60 Hz,16.0,256.0,157.0,,0.5,0.5,,0.5,110-220 V,45.0,-20.0,65.0,-40.0,50.0,No,Esmerilado,Cristal,1200.0,"Tubo, terminal doble",Sí,,,,ECOFIT E LEDtube 1200mm 16W 765 T8 WV,46677580346,929003561511,1,25,929003561511,0.18,,,,Sí,,,,,,,,,,,,,,,,,,,,,,,,,,,,,,,,,,,,,,,,,,,,,,
G13 [ Medium Bi-Pin Fluorescent],Sí,15000.0,50000,,740 [ CCT de 4.000 K],240 °,800.0,Blanco frío (CW),4000.0,100.0,<7,70.0,70 %,50 a 60 Hz,8.0,133.0,76.0,,0.5,0.5,,0.5,110-220 V,45.0,-20.0,65.0,-40.0,50.0,No,Esmerilado,Cristal,600.0,"Tubo, terminal doble",Sí,,,,ECOFIT E LEDtube 600mm 8W 740 T8 WV,46677580353,929003561611,1,25,929003561611,0.09,,,,Sí,,,,,,,,,,,,,,,,,,,,,,,,,,,,,,,,,,,,,,,,,,,,,,
G13 [ Medium Bi-Pin Fluorescent],Sí,15000.0,50000,,765 [ CCT de 6.500 K],240 °,800.0,Luz de día fría,6500.0,100.0,<7,70.0,70 %,50 a 60 Hz,8.0,133.0,76.0,,0.5,0.5,,0.5,110-220 V,45.0,-20.0,65.0,-40.0,50.0,No,Esmerilado,Cristal,600.0,"Tubo, terminal doble",Sí,,,,ECOFIT E LEDtube 600mm 8W 765 T8 WV,46677580360,929003561711,1,25,929003561711,0.09,,,,Sí,,,,,,,,,,,,,,,,,,,,,,,,,,,,,,,,,,,,,,,,,,,,,,
G13 [ Medium Bi-Pin Fluorescent],Sí,15000.0,50000X,,765 [ CCT de 6.500 K],120 °,1400.0,Luz de día fría,6500.0,100.0,<7,70.0,70 %,50 a 60 Hz,14.0,210.0,135.0,,0.5,0.5,,0.4,100-240 V,45.0,-20.0,65.0,-40.0,60.0,No,Transparente,Cristal,1200.0,"Tubo, terminal doble",Sí,,,,ECOFIT E LEDtube 1200mm 14W 765 T8 CT WV,46677580377,929003560211,1,25,929003560211,0.165,,,,,,,,,,,,,,,,,,,,,,,,,,,,,,,,,,,,,,,,,,,,,,,,,,
G5 [ G5],Sí,50000.0,50000,MasterClass,840 [ CCT de 4.000 K],140 °,3500.0,Blanco frío (CW),4000.0,145.0,<5,82.0,70 %,40000-80000 Hz,24.0,600.0,400.0,54 W,0.5,0.5,Tipo A: funciona en balastro,0.9,39-64 V,45.0,-20.0,65.0,-40.0,45.0,Sí,Esmerilado,Plástico,1200.0,"Tubo, terminal doble",Sí,Sí,Sí,,24T5HO/46-840/IF35/P/DIM 10/1,46677467142,929001283904,1,10,929001283904,0.17,,,,,467142.0,,24T5 LED/HO/48-4000 IF 10/1,,,,,,DLC Standard,,,,,,,,,,,,,,,,,,,,,,,,,,,,,,,,,,,,,
G5 [ G5],Sí,50000.0,50000,MasterClass,850 [ CCT de 5.000 K],140 °,3500.0,Luz de día,5000.0,145.0,<5,82.0,70 %,40000-80000 Hz,24.0,600.0,400.0,54 W,0.5,0.5,Tipo A: funciona en balastro,0.9,39-64 V,45.0,-20.0,65.0,-40.0,45.0,Sí,Esmerilado,Plástico,1200.0,"Tubo, terminal doble",Sí,Sí,Sí,,24T5HO/46-850/IF35/P/DIM 10/1,46677467159,929001284004,1,10,929001284004,0.17,,,,,467159.0,,24T5 LED/HO/48-5000 IF 10/1,,,,,,DLC Standard,,,,,,,,,,,,,,,,,,,,,,,,,,,,,,,,,,,,,
G5 [ G5],Sí,50000.0,50000,CorePro,840 [ CCT de 4.000 K],200 °,3500.0,Blanco frío (CW),4000.0,140.0,<6,80.0,70 %,50 a 60 Hz,25.0,250.0,95.0,,0.5,0.5,Tipo B TLED: extremo doble de clasificación UL,0.9,120-277 V,45.0,-20.0,65.0,-40.0,75.0,Limitado,Esmerilado,Cristal,1200.0,"Tubo, terminal doble",Sí,Sí,Sí,,25T5HO/COR/46-840/MF35/G 25/1,46677576240,929003122504,1,25,929003122504,0.151,,,,,,,,,,,,,,,,,,,,,,,,,,,,,,,,,,,,,,,,,,,,,,,,,,
G13 [ Medium Bi-Pin Fluorescent],Sí,70000.0,50000,CorePro,840 [ CCT de 4.000 K],240 °,2100.0,Blanco frío (CW),4000.0,150.0,<6,82.0,70 %,25000-105000 Hz,14.0,260.0,100.0,32 W,0.5,0.5,Tipo A: funciona en balastro,0.9,"120-277, 347 V",45.0,-20.0,65.0,-40.0,50.0,Sí,Esmerilado,Cristal,1200.0,"Tubo, terminal doble",Sí,Sí,Sí,,14T8/COR/48-840/IF21/G/DIM 10/1,46677453251,929001343234,1,10,929001343234,0.215,,,,,,,,,,,,,DLC Standard,,,,,,,,,,,,,,,,,,,,,,,,,,,,,,,,,,,,,
G13 [ Medium Bi-Pin Fluorescent],Sí,70000.0,50000,MasterClass,840 [ CCT de 4.000 K],180 °,2100.0,Blanco frío (CW),4000.0,161.0,<6,80.0,70 %,De 20 K a 120 K Hz,13.0,300.0,50.0,32-30-28-25 W,0.5,0.5,Tipo A TLED: lista UL HF,0.9,"120-277,347 V",45.0,-20.0,65.0,-40.0,40.0,Solo con reguladores de intensidad específicos,Esmerilado,Plástico,1200.0,"Tubo, terminal doble",Sí,Sí,Sí,,13T8/MAS/48-840/IF21/P/DIM 10/1,46677473945,929001397834,1,10,929001397834,0.165,,,,,,,,,,,,,DLC Standard,LEDTECH-LOV,,,,,,,,,,,,,,,,,,,,,,,,,,,,,,,,,,,,
G13 [ Medium Bi-Pin Fluorescent],Sí,70000.0,50000,MasterClass,850 [ CCT de 5.000 K],180 °,2100.0,Luz de día,5000.0,161.0,<5,80.0,70 %,De 20 K a 120 K Hz,13.0,300.0,50.0,32-30-28-25 W,0.5,0.5,Tipo A TLED: lista UL HF,0.9,"120-277,347 V",45.0,-20.0,65.0,-40.0,40.0,Solo con reguladores de intensidad específicos,Esmerilado,Plástico,1200.0,"Tubo, terminal doble",Sí,Sí,Sí,,13T8/MAS/48-850/IF21/P/DIM 10/1,46677473952,929001397934,1,10,929001397934,0.165,,,,,,,,,,,,,DLC Standard,LEDTECH-LOV,,,,,,,,,,,,,,,,,,,,,,,,,,,,,,,,,,,,
G13 [ Medium Bi-Pin Fluorescent],Sí,70000.0,50000,MasterClass,840 [ CCT de 4.000 K],180 °,2500.0,Blanco frío (CW),4000.0,161.0,<6,80.0,70 %,De 20 K a 120 K Hz,15.5,320.0,60.0,32 W,0.5,0.5,Tipo A TLED: lista UL HF,0.9,"120-277,347 V",55.0,-20.0,65.0,-40.0,40.0,Solo con reguladores de intensidad específicos,Esmerilado,Plástico,1200.0,"Tubo, terminal doble",Sí,Sí,Sí,,15.5T8/MAS/48-840/IF25/P/DIM 25/1,46677545192,929002016404,1,25,929002016404,0.165,,,,,545194.0,,,,,,,,,LEDTECH-LOV,,,,,,,,,,,,,,,,,,,,,,,,,,,,,,,,,,,,
G13 [ Medium Bi-Pin Fluorescent],Sí,70000.0,50000,MasterClass,850 [ CCT de 5.000 K],180 °,2500.0,Luz de día,5000.0,161.0,<5,80.0,70 %,De 20 K a 120 K Hz,15.5,320.0,60.0,32 W,0.5,0.5,Tipo A TLED: lista UL HF,0.9,"120-277,347 V",55.0,-20.0,65.0,-40.0,40.0,Solo con reguladores de intensidad específicos,Esmerilado,Plástico,1200.0,"Tubo, terminal doble",Sí,Sí,Sí,,15.5T8/MAS/48-850/IF25/P/DIM 25/1,46677545208,929002016504,1,25,929002016504,0.165,,,,,,,,,,,,,,LEDTECH-LOV,,,,,,,,,,,,,,,,,,,,,,,,,,,,,,,,,,,,
G13 [ Medium Bi-Pin Fluorescent],Sí,70000.0,50000,MasterClass,850 [ CCT de 5.000 K],180 °,1600.0,Luz de día,5000.0,179.0,<5,80.0,70 %,De 20 K a 120 K Hz,8.9,300.0,90.0,32 W,0.5,0.5,Tipo A TLED: lista UL HF,0.9,"120-277,347 V",45.0,-20.0,65.0,-40.0,40.0,Solo con reguladores de intensidad específicos,Esmerilado,Plástico,1200.0,"Tubo, terminal doble",Sí,Sí,Sí,,8.9T8/MAS/48-850/IF16/P/DIM 10/1,46677565619,929003025604,1,10,929003025604,0.165,9290030256.0,,,,,,,,,,,,,LEDTECH-LOV,,,,,,,,,,,,,,,,,,,,,,,,,,,,,,,,,,,,
G13 [ Medium Bi-Pin Fluorescent],Sí,70000.0,50000,MasterClass,840 [ CCT de 4.000 K],180 °,1200.0,Blanco frío (CW),4000.0,171.0,<6,80.0,70 %,De 20 K a 120 K Hz,7.0,240.0,50.0,17 W,0.5,0.5,Tipo A TLED: lista UL HF,0.9,"120-277,347 V",45.0,-20.0,65.0,-40.0,40.0,Solo con reguladores de intensidad específicos,Esmerilado,Plástico,600.0,"Tubo, terminal doble",Sí,Sí,Sí,,7T8/MAS/24-840/IF11/P/DIM 10/1,46677541835,929001987104,1,10,929001987104,0.09,,,,,,,,,,,,,DLC Standard,LEDTECH-LOV,,,,,,,,,,,,,,,,,,,,,,,,,,,,,,,,,,,,
G13 [ Medium Bi-Pin Fluorescent],Sí,70000.0,50000,MasterClass,850 [ CCT de 5.000 K],180 °,1200.0,Luz de día,5000.0,171.0,<5,80.0,70 %,De 20 K a 120 K Hz,7.0,240.0,50.0,17 W,0.5,0.5,Tipo A TLED: lista UL HF,0.9,"120-277,347 V",45.0,-20.0,65.0,-40.0,40.0,Solo con reguladores de intensidad específicos,Esmerilado,Plástico,600.0,"Tubo, terminal doble",Sí,Sí,Sí,,7T8/MAS/24-850/IF11/P/DIM 10/1,46677541842,929001987204,1,10,929001987204,0.09,,,,,,,,,,,,,DLC Standard,LEDTECH-LOV,,,,,,,,,,,,,,,,,,,,,,,,,,,,,,,,,,,,
G13 [ Medium Bi-Pin Fluorescent],Sí,70000.0,50000,MasterClass,840 [ CCT de 4.000 K],180 °,2100.0,Blanco frío (CW),4000.0,161.0,<6,80.0,70 %,De 20 K a 120 K Hz,13.0,,,32 W,0.5,0.5,Tipo A: funciona en balastro,0.9,"120-277, 347 V",45.0,-20.0,65.0,-40.0,50.0,Sí,Esmerilado,Plástico,600.0,"Tubo, terminal doble",Sí,Sí,Sí,,13T8-6U/MAS/24-840/IF21/P/DIM 10/1,46677541873,929001987604,1,10,929001987604,0.27,,,,,541870.0,,,,,,,,DLC Standard,,,,,,,,,,,,,,,,,,,,,,,,,,,,,,,,,,,,,
G13 [ Medium Bi-Pin Fluorescent],Sí,70000.0,50000,MasterClass,850 [ CCT de 5.000 K],180 °,2100.0,Luz de día,5000.0,161.0,<5,80.0,70 %,De 20 K a 120 K Hz,13.0,,,32 W,0.5,0.5,Tipo A: funciona en balastro,0.9,"120-277, 347 V",45.0,-20.0,65.0,-40.0,50.0,Sí,Esmerilado,Plástico,600.0,"Tubo, terminal doble",Sí,Sí,Sí,,13T8-6U/MAS/24-850/IF21/P/DIM 10/1,46677541880,929001987704,1,10,929001987704,0.27,,,,,541888.0,,,,,,,,DLC Standard,,,,,,,,,,,,,,,,,,,,,,,,,,,,,,,,,,,,,
G13 [ Medium Bi-Pin Fluorescent],Sí,50000.0,50000,CorePro,840 [ CCT de 4.000 K],240 °,1600.0,Blanco frío (CW),4000.0,161.0,<6,80.0,70 %,50 a 60 Hz,9.9,85.0,40.0,32 W,0.5,0.5,Tipo B: desvía el balastro,0.9,120-277 V,45.0,-20.0,65.0,-40.0,70.0,Limitado,Esmerilado,Cristal,1200.0,"Tubo, terminal doble",Sí,Sí,Sí,,9.9T8/COR/48-840/MF16/G 10/1,46677563462,929002483804,1,10,929002483804,0.2,9290024838.0,,,,,,,,,,,,,,,,,,,,,,,,,,,,,,,,,,,,,,,,,,,,,,,,,
G13 [ Medium Bi-Pin Fluorescent],Sí,50000.0,50000,CorePro,850 [ CCT de 5.000 K],240 °,1800.0,Luz de día,5000.0,150.0,<5,80.0,70 %,50 a 60 Hz,12.0,102.0,48.0,32 W,0.5,0.5,Tipo B: desvía el balastro,0.9,120-277 V,45.0,-20.0,65.0,-40.0,70.0,Limitado,Esmerilado,Cristal,1200.0,"Tubo, terminal doble",Sí,Sí,Sí,,12T8/COR/48-850/MF18/G 10/1,46677563516,929002484304,1,10,929002484304,0.215,9290024843.0,,,,,,,,,,,,,,,,,,,,,,,,,,,,,,,,,,,,,,,,,,,,,,,,,
G13 [ Medium Bi-Pin Fluorescent],Sí,50000.0,50000,CorePro,840 [ CCT de 4.000 K],240 °,2100.0,Blanco frío (CW),4000.0,144.0,<6,80.0,70 %,50 a 60 Hz,14.5,124.0,58.0,32 W,0.5,0.5,Tipo B: desvía el balastro,0.9,120-277 V,45.0,-20.0,65.0,-40.0,70.0,Limitado,Esmerilado,Cristal,1200.0,"Tubo, terminal doble",Sí,Sí,Sí,,14.5T8/COR/48-840/MF21/G 10/1,46677563547,929002484604,1,10,929002484604,0.215,9290024846.0,,,,,,,,,,,,,,,,,,,,,,,,,,,,,,,,,,,,,,,,,,,,,,,,,
FA8 [ FA8],Sí,50000.0,50000,CorePro,840 [ CCT de 4.000 K],240 °,4400.0,Blanco frío (CW),4000.0,133.0,<6,80.0,70 %,50 a 60 Hz,33.0,340.0,150.0,96 W,0.5,0.5,Tipo B: desvía el balastro,0.9,120-277 V,45.0,-20.0,65.0,-40.0,50.0,Limitado,Esmerilado,Cristal,2400.0,"Tubo, terminal doble",Sí,Sí,Sí,,33T8/COR/96-840/MF44/G/FA8 10/1,46677575724,929003112104,1,10,929003112104,0.4,9290031121.0,,,,,,,,,,,,,,,,,,,,,,,,,,,,,,,,,,,,,,,,,,,,,,,,,
FA8 [ FA8],Sí,50000.0,50000,CorePro,850 [ CCT de 5.000 K],240 °,4400.0,Luz de día,5000.0,133.0,<5,80.0,70 %,50 a 60 Hz,33.0,340.0,150.0,96 W,0.5,0.5,Tipo B: desvía el balastro,0.9,120-277 V,45.0,-20.0,65.0,-40.0,50.0,Limitado,Esmerilado,Cristal,2400.0,"Tubo, terminal doble",Sí,Sí,Sí,,33T8/COR/96-850/MF44/G/FA8 10/1,46677575731,929003112204,1,10,929003112204,0.4,9290031122.0,,,,,,,,,,,,,,,,,,,,,,,,,,,,,,,,,,,,,,,,,,,,,,,,,
G13 [ Medium Bi-Pin Fluorescent],Sí,70000.0,50000,MasterConnect,835 [ CCT de 3.500 K],160 °,2000.0,Blanco (WH),3500.0,142.0,<6,82.0,70 %,De 28 K a 100 K Hz,14.0,380.0,120.0,25-28-30-32 W,0.5,0.5,Tipo A TLED: lista UL HF,0.9,100-380 V,45.0,-20.0,65.0,-40.0,40.0,Regulación de intensidad inalámbrica,Esmerilado,Plástico,1200.0,"Tubo, terminal doble",Sí,Sí,Sí,,14T8/48-835/IF20/MC IA 10/1,46677547295,929002051804,1,10,929002051804,0.22,,,,,,,,,,,,,,,,,,,,,,,,,,,,,,,,,,,,,,,,,,,,,,,,,,
G13 [ Medium Bi-Pin Fluorescent],Sí,70000.0,50000,MasterConnect,840 [ CCT de 4.000 K],160 °,2100.0,Blanco frío (CW),4000.0,150.0,<6,82.0,70 %,De 28 K a 100 K Hz,14.0,380.0,120.0,25-28-30-32 W,0.5,0.5,Tipo A TLED: lista UL HF,0.9,100-380 V,45.0,-20.0,65.0,-40.0,40.0,Regulación de intensidad inalámbrica,Esmerilado,Plástico,1200.0,"Tubo, terminal doble",Sí,Sí,Sí,,14T8/48-840/IF21/MC IA 10/1,46677547301,929002051904,1,10,929002051904,0.22,,,,,,,,,,,,,,,,,,,,,,,,,,,,,,,,,,,,,,,,,,,,,,,,,,
G13 [ Medium Bi-Pin Fluorescent],Sí,70000.0,50000,MasterConnect,850 [ CCT de 5.000 K],160 °,2100.0,Luz de día,5000.0,150.0,<5,82.0,70 %,De 28 K a 100 K Hz,14.0,380.0,120.0,25-28-30-32 W,0.5,0.5,Tipo A TLED: lista UL HF,0.9,100-380 V,45.0,-20.0,65.0,-40.0,40.0,Regulación de intensidad inalámbrica,Esmerilado,Plástico,1200.0,"Tubo, terminal doble",Sí,Sí,Sí,,14T8/48-850/IF21/MC IA 10/1,46677547318,929002052004,1,10,929002052004,0.22,,,,,,,,,,,,,,,,,,,,,,,,,,,,,,,,,,,,,,,,,,,,,,,,,,
G13 ROT (Rotating) [ Medium Bi-Pin Fluorescent],Sí,70000.0,50000,MasterConnect,835 [ CCT de 3.500 K],160 °,2000.0,Blanco (WH),3500.0,137.0,<6,82.0,70 %,50 a 60 Hz,14.5,125.0,59.0,25-28-30-32 W,1.0,0.5,Tipo B TLED: extremo doble de clasificación UL,0.9,120-277 V,45.0,-20.0,65.0,-40.0,45.0,Regulación de intensidad inalámbrica,Esmerilado,Plástico,1200.0,"Tubo, terminal doble",Sí,Sí,Sí,,14.5T8/48-835/MF20/MC IA 10/1,46677562731,929002456604,1,10,929002456604,0.22,9290024566.0,,,,,,,,,,,,,,,,,,,,,,,,,,,,,,,,,,,,,,,,,,,,,,,,,
G13 ROT (Rotating) [ Medium Bi-Pin Fluorescent],Sí,70000.0,50000,MasterConnect,840 [ CCT de 4.000 K],160 °,2100.0,Blanco frío (CW),4000.0,144.0,<6,82.0,70 %,50 a 60 Hz,14.5,125.0,59.0,25-28-30-32 W,1.0,0.5,Tipo B TLED: extremo doble de clasificación UL,0.9,120-277 V,45.0,-20.0,65.0,-40.0,45.0,Regulación de intensidad inalámbrica,Esmerilado,Plástico,1200.0,"Tubo, terminal doble",Sí,Sí,Sí,,14.5T8/48-840/MF21/MC IA 10/1,46677562748,929002456704,1,10,929002456704,0.22,9290024567.0,,,,,,,,,,,,,,,,,,,,,,,,,,,,,,,,,,,,,,,,,,,,,,,,,
G13 ROT (Rotating) [ Medium Bi-Pin Fluorescent],Sí,70000.0,50000,MasterConnect,850 [ CCT de 5.000 K],160 °,2100.0,Luz de día,5000.0,144.0,<5,82.0,70 %,50 a 60 Hz,14.5,125.0,59.0,25-28-30-32 W,1.0,0.5,Tipo B TLED: extremo doble de clasificación UL,0.9,120-277 V,45.0,-20.0,65.0,-40.0,45.0,Regulación de intensidad inalámbrica,Esmerilado,Plástico,1200.0,"Tubo, terminal doble",Sí,Sí,Sí,,14.5T8/48-850/MF21/MC IA 10/1,46677562755,929002456804,1,10,929002456804,0.22,9290024568.0,,,,,,,,,,,,,,,,,,,,,,,,,,,,,,,,,,,,,,,,,,,,,,,,,
E26 [ Single Contact Medium Screw],Sí,25000.0,50000,MasterConnect,930 [ CCT de 3.000 K],25 °,850.0,Blanco (WH),3000.0,106.0,<4,90.0,70 %,50 a 60 Hz,8.0,,,75 W,0.5,0.5,,0.9,120 V,,,,,70.0,Regulación de intensidad inalámbrica,Transparente,Cristal,100.0,"PAR30L [ PAR 3,75″/95 mm de largo]",Sí,,,,8PAR30L/MC/930/F25/IA/120V 6/1FB,46677553609,929002254104,1,6,929002254104,0.29,,,,,,,,,,,,,,,Interact Ready,2910.0,75.0,Sí,,,,,,,,,,,,,,,,,,,,,,,,,,,,,,,,
E26 [ Single Contact Medium Screw],Sí,25000.0,50000,MasterConnect,930 [ CCT de 3.000 K],40 °,850.0,Blanco (WH),3000.0,106.0,<4,90.0,70 %,50 a 60 Hz,8.0,,,75 W,0.5,0.5,,0.9,120 V,,,,,70.0,Regulación de intensidad inalámbrica,Transparente,Cristal,100.0,"PAR30L [ PAR 3,75″/95 mm de largo]",Sí,,,,8PAR30L/MC/930/F40/IA/120V 6/1FB,46677553630,929002254404,1,6,929002254404,0.29,,,,,,,,,,,,,,,Interact Ready,1315.0,75.0,Sí,,,,,,,,,,,,,,,,,,,,,,,,,,,,,,,,
E26 [ Single Contact Medium Screw],Sí,25000.0,50000,MasterConnect,930 [ CCT de 3.000 K],25 °,850.0,Blanco (WH),3000.0,106.0,<4,90.0,70 %,50 a 60 Hz,8.0,,,75 W,0.5,0.5,,0.9,120 V,,,,,70.0,Regulación de intensidad inalámbrica,Transparente,Cristal,100.0,"PAR30S [ PAR 3,75″/95 mm corto]",Sí,,,,8PAR30S/MC/930/F25/IA/120V 6/1FB,46677553661,929002254704,1,6,929002254704,0.22,,,,,,,,,,,,,,,Interact Ready,2910.0,75.0,Sí,,,,,,,,,,,,,,,,,,,,,,,,,,,,,,,,
E26 [ Single Contact Medium Screw],Sí,25000.0,50000,MasterConnect,930 [ CCT de 3.000 K],40 °,850.0,Blanco (WH),3000.0,106.0,<4,90.0,70 %,50 a 60 Hz,8.0,,,75 W,0.5,0.5,,0.9,120 V,,,,,70.0,Regulación de intensidad inalámbrica,Transparente,Cristal,100.0,"PAR30S [ PAR 3,75″/95 mm corto]",Sí,,,,8PAR30S/MC/930/F40/IA/120V 6/1FB,46677553692,929002255004,1,6,929002255004,0.22,,,,,,,,,,,,,,,Interact Ready,1315.0,75.0,Sí,,,,,,,,,,,,,,,,,,,,,,,,,,,,,,,,
E26 [ Single Contact Medium Screw],Sí,25000.0,50000,MasterConnect,930 [ CCT de 3.000 K],25 °,1200.0,Blanco (WH),3000.0,92.0,<4,90.0,70 %,50 a 60 Hz,13.0,,,120 W,0.5,0.5,,0.9,120 V,,,,,80.0,Regulación de intensidad inalámbrica,Transparente,Cristal,100.0,"PAR38 [ PAR 4,75″/121 mm]",Sí,,,,13PAR38/MC/930/F25/IA/120V 6/1FB,46677555788,929002276804,1,6,929002276804,0.425,,,,,,,,,,,,,,,Interact Ready,5382.0,121.0,Sí,,,,,,,,,,,,,,,,,,,,,,,,,,,,,,,,
E26 [ Single Contact Medium Screw],Sí,25000.0,50000,MasterConnect,930 [ CCT de 3.000 K],40 °,1200.0,Blanco (WH),3000.0,92.0,<4,90.0,70 %,50 a 60 Hz,13.0,,,120 W,0.5,0.5,,0.9,120 V,,,,,80.0,Regulación de intensidad inalámbrica,Transparente,Cristal,100.0,"PAR38 [ PAR 4,75″/121 mm]",Sí,,,,13PAR38/MC/930/F40/IA/120V 6/1FB,46677555818,929002277104,1,6,929002277104,0.425,,,,,,,,,,,,,,,Interact Ready,2231.0,121.0,Sí,,,,,,,,,,,,,,,,,,,,,,,,,,,,,,,,
E26 [ Single Contact Medium Screw],Sí,25000.0,50000,MasterClass,930 [ CCT de 3.000 K],25 °,1200.0,Blanco (WH),3000.0,70.0,<6,90.0,70 %,60 Hz,17.0,,,120 W,0.5,0.5,,0.9,120 V,,,,,90.0,Sí,Transparente,Plástico,,"PAR38 [ PAR 4,75″/121 mm]",,,,,17PAR38/EXPERTCOLOR RETAIL/F25/930/DIM,46677471002,929001285304,1,6,929001285304,0.425,,,,,471003.0,,17PAR38/EXPERTCOLOR RETAIL/F25/930/DIM,,,,,,Energy Star,,,6000.0,170.0,,,,,,,,,,,,,,,,,,,,,,,,,,,,,,,,,
E26 [ Single Contact Medium Screw],Sí,25000.0,50000,MasterClass,930 [ CCT de 3.000 K],40 °,1200.0,Blanco (WH),3000.0,70.0,<6,90.0,70 %,60 Hz,17.0,,,120 W,0.5,0.5,,0.9,120 V,,,,,90.0,Sí,Transparente,Plástico,,"PAR38 [ PAR 4,75″/121 mm]",,,,,17PAR38/EXPERTCOLOR RETAIL/F40/930/DIM,46677471019,929001285404,1,6,929001285404,0.425,,,,,471011.0,,,,,,,,Energy Star,,,2700.0,170.0,,,,,,,,,,,,,,,,,,,,,,,,,,,,,,,,,
E26 [ Single Contact Medium Screw],Sí,40000.0,50000,MasterClass,927,40 °,1150.0,Blanco cálido (WW),2700.0,67.0,<6,95.0,70 %,60 Hz,17.0,,,120 W,0.5,0.5,,0.9,120 V,,,,,90.0,Sí,Transparente,Plástico,,"PAR38 [ PAR 4,75″/121 mm]",,,,,17PAR38/EXPERTCOLOR/F40/927/DIM,46677470845,929001339604,1,6,929001339604,0.425,,,,,470849.0,,17PAR38/EXPERTCOLOR/F40/927/DIM,,,,,,Energy Star,,,2600.0,170.0,,,,,,,,,,,,,,,,,,,,,,,,,,,,,,,,,
E26 [ Single Contact Medium Screw],Sí,40000.0,50000,MasterClass,940 [ CCT de 4.000 K],8 °,1300.0,Blanco frío (CW),4000.0,76.47,<6,95.0,70 %,60 Hz,17.0,,,100 W,0.5,0.5,,0.9,120 V,,,,,90.0,Sí,Transparente,Plástico,,"PAR38 [ PAR 4,75″/121 mm]",,,,,17PAR38/EXPERTCOLOR/S8/940/DIM/120V,46677471798,929001369804,1,6,929001369804,0.425,,,,,471797.0,,,,,,,,Energy Star,,,25000.0,170.0,,,,,,,,,,,,,,,,,,,,,,,,,,,,,,,,,
E27 [ E27],Sí,25000.0,25000,,830 [ CCT de 3.000 K],25 °,1300.0,Blanco (WH),3000.0,92.86,<6,80.0,70 %,50 a 60 Hz,14.0,,,90 W,0.5,0.5,,0.85,100-277 V,,,,,80.0,No,,,,"PAR38 [ PAR 4,75″/121 mm]",,,,,LEDspot 120W PAR38 830 100-277V 25D ND,8718696713181,929001343812,1,6,929001343812,0.535,,,,,,871869671318100.0,,,,,,,,,,5000.0,,,,,,,,,,,,,,,,,,,,,,,,,,,,,,,,,,
E26 [ Single Contact Medium Screw],Sí,25000.0,25000,,940 [ CCT de 4.000 K],25 °,1200.0,Blanco frío (CW),4000.0,92.0,<4,90.0,70 %,50 a 60 Hz,13.0,,,120 W,0.5,0.5,,0.9,120 V,,,,,75.0,Solo con reguladores de intensidad específicos,Transparente,Cristal,,"PAR38 [ PAR 4,75″/121 mm]",,,,,13PAR38/LED/940/F25/DIM/GULW/T20 6/1FB,46677567774,929003029804,1,6,929003029804,0.385,,,,,,,,,,,,,Energy Star,,,6000.0,120.0,,,,,,,,,,,,,,,,,,,,,,,,,,,,,,,,,
E26 [ Single Contact Medium Screw],Sí,25000.0,50000,MasterConnect,930 [ CCT de 3.000 K],25 °,850.0,Blanco (WH),3000.0,106.0,<4,90.0,70 %,50 a 60 Hz,8.0,,,75 W,0.5,0.5,,0.9,120 V,,,,,70.0,Regulación de intensidad inalámbrica,Transparente,Cristal,100.0,"PAR30L [ PAR 3,75″/95 mm de largo]",Sí,,,,8PAR30L/MC/930/F25/IA/120V 6/1FB,46677553609,929002254104,1,6,929002254104,0.29,,,,,,,,,,,,,,,Interact Ready,2910.0,75.0,Sí,,,,,,,,,,,,,,,,,,,,,,,,,,,,,,,,
E26 [ Single Contact Medium Screw],Sí,25000.0,50000,MasterConnect,930 [ CCT de 3.000 K],40 °,850.0,Blanco (WH),3000.0,106.0,<4,90.0,70 %,50 a 60 Hz,8.0,,,75 W,0.5,0.5,,0.9,120 V,,,,,70.0,Regulación de intensidad inalámbrica,Transparente,Cristal,100.0,"PAR30L [ PAR 3,75″/95 mm de largo]",Sí,,,,8PAR30L/MC/930/F40/IA/120V 6/1FB,46677553630,929002254404,1,6,929002254404,0.29,,,,,,,,,,,,,,,Interact Ready,1315.0,75.0,Sí,,,,,,,,,,,,,,,,,,,,,,,,,,,,,,,,
E26 [ Single Contact Medium Screw],Sí,25000.0,50000,MasterConnect,930 [ CCT de 3.000 K],25 °,850.0,Blanco (WH),3000.0,106.0,<4,90.0,70 %,50 a 60 Hz,8.0,,,75 W,0.5,0.5,,0.9,120 V,,,,,70.0,Regulación de intensidad inalámbrica,Transparente,Cristal,100.0,"PAR30S [ PAR 3,75″/95 mm corto]",Sí,,,,8PAR30S/MC/930/F25/IA/120V 6/1FB,46677553661,929002254704,1,6,929002254704,0.22,,,,,,,,,,,,,,,Interact Ready,2910.0,75.0,Sí,,,,,,,,,,,,,,,,,,,,,,,,,,,,,,,,
E26 [ Single Contact Medium Screw],Sí,25000.0,50000,MasterConnect,930 [ CCT de 3.000 K],40 °,850.0,Blanco (WH),3000.0,106.0,<4,90.0,70 %,50 a 60 Hz,8.0,,,75 W,0.5,0.5,,0.9,120 V,,,,,70.0,Regulación de intensidad inalámbrica,Transparente,Cristal,100.0,"PAR30S [ PAR 3,75″/95 mm corto]",Sí,,,,8PAR30S/MC/930/F40/IA/120V 6/1FB,46677553692,929002255004,1,6,929002255004,0.22,,,,,,,,,,,,,,,Interact Ready,1315.0,75.0,Sí,,,,,,,,,,,,,,,,,,,,,,,,,,,,,,,,
E26 [ Single Contact Medium Screw],Sí,25000.0,50000,MasterConnect,930 [ CCT de 3.000 K],25 °,1200.0,Blanco (WH),3000.0,92.0,<4,90.0,70 %,50 a 60 Hz,13.0,,,120 W,0.5,0.5,,0.9,120 V,,,,,80.0,Regulación de intensidad inalámbrica,Transparente,Cristal,100.0,"PAR38 [ PAR 4,75″/121 mm]",Sí,,,,13PAR38/MC/930/F25/IA/120V 6/1FB,46677555788,929002276804,1,6,929002276804,0.425,,,,,,,,,,,,,,,Interact Ready,5382.0,121.0,Sí,,,,,,,,,,,,,,,,,,,,,,,,,,,,,,,,
E26 [ Single Contact Medium Screw],Sí,25000.0,50000,MasterConnect,930 [ CCT de 3.000 K],40 °,1200.0,Blanco (WH),3000.0,92.0,<4,90.0,70 %,50 a 60 Hz,13.0,,,120 W,0.5,0.5,,0.9,120 V,,,,,80.0,Regulación de intensidad inalámbrica,Transparente,Cristal,100.0,"PAR38 [ PAR 4,75″/121 mm]",Sí,,,,13PAR38/MC/930/F40/IA/120V 6/1FB,46677555818,929002277104,1,6,929002277104,0.425,,,,,,,,,,,,,,,Interact Ready,2231.0,121.0,Sí,,,,,,,,,,,,,,,,,,,,,,,,,,,,,,,,
E26 [ Single Contact Medium Screw],Sí,25000.0,50000,MasterClass,930 [ CCT de 3.000 K],25 °,880.0,Blanco (WH),3000.0,73.0,<6,90.0,70 %,60 Hz,12.0,,,90 W,0.5,0.5,,0.9,120 V,,,,,85.0,Sí,Transparente,Plástico,,"PAR30L [ PAR 3,75″/95 mm de largo]",,,,,12PAR30L/EXPERTCOLOR RETAIL/F25/930/DIM,46677471040,929001285704,1,6,929001285704,0.285,,,,,,,,,,,,,Energy Star,,,4500.0,120.0,,,,,,,,,,,,,,,,,,,,,,,,,,,,,,,,,
E26 [ Single Contact Medium Screw],Sí,25000.0,50000,MasterClass,930 [ CCT de 3.000 K],40 °,880.0,Blanco (WH),3000.0,73.0,<6,90.0,70 %,60 Hz,12.0,,,90 W,0.5,0.5,,0.9,120 V,,,,,85.0,Sí,Transparente,Plástico,,"PAR30L [ PAR 3,75″/95 mm de largo]",,,,,12PAR30L/EXPERTCOLOR RETAIL/F40/930/DIM,46677471057,929001285804,1,6,929001285804,0.285,,,,,471052.0,,12PAR30L/EXPERTCOLOR RETAIL/F40/930/DIM,,,,,,Energy Star,,,2000.0,120.0,,,,,,,,,,,,,,,,,,,,,,,,,,,,,,,,,
E26 [ Single Contact Medium Screw],Sí,40000.0,50000,MasterClass,940 [ CCT de 4.000 K],25 °,950.0,Blanco frío (CW),4000.0,75.0,<6,95.0,70 %,60 Hz,12.0,,,75 W,0.5,0.5,,0.9,120 V,,,,,85.0,Sí,Transparente,Plástico,,"PAR30L [ PAR 3,75″/95 mm de largo]",,,,,12PAR30L/EXPERTCOLOR/F25/940/DIM,46677470975,929001341104,1,6,929001341104,0.285,,,,,353136.0,,12PAR30L/EXPERTCOLOR/F25/940/DIM,,,,,,Energy Star,,,4800.0,120.0,,,,,,,,,,,,,,,,,,,,,,,,,,,,,,,,,
E26 [ Single Contact Medium Screw],Sí,25000.0,50000,MasterClass,930 [ CCT de 3.000 K],25 °,880.0,Blanco (WH),3000.0,73.0,<6,90.0,70 %,60 Hz,12.0,,,75 W,0.5,0.5,,0.9,120 V,,,,,90.0,Sí,Transparente,Plástico,,"PAR30S [ PAR 3,75″/95 mm corto]",,,,,12PAR30S/EXPERTCOLOR RETAIL/F25/930/DIM,46677471071,929001286004,1,6,929001286004,0.22,,,,,471078.0,,12PAR30S/EXPERTCOLOR RETAIL/F25/930/DIM,,,,,,Energy Star,,,4500.0,120.0,,,,,,,,,,,,,,,,,,,,,,,,,,,,,,,,,
E26 [ Single Contact Medium Screw],Sí,25000.0,50000,MasterClass,930 [ CCT de 3.000 K],40 °,880.0,Blanco (WH),3000.0,73.0,<6,90.0,70 %,60 Hz,12.0,,,75 W,0.5,0.5,,0.9,120 V,,,,,90.0,Sí,Transparente,Plástico,,"PAR30S [ PAR 3,75″/95 mm corto]",,,,,12PAR30S/EXPERTCOLOR RETAIL/F40/930/DIM,46677471088,929001286104,1,6,929001286104,0.22,,,,,471086.0,,12PAR30S/EXPERTCOLOR RETAIL/F40/930/DIM,,,,,,Energy Star,,,2000.0,120.0,,,,,,,,,,,,,,,,,,,,,,,,,,,,,,,,,
E26 [ Single Contact Medium Screw],Sí,40000.0,50000,MasterClass,927,40 °,850.0,Blanco cálido (WW),2700.0,66.67,<6,95.0,70 %,60 Hz,12.0,,,75 W,0.5,0.5,,0.9,120 V,,,,,85.0,Sí,Transparente,Plástico,,"PAR30L [ PAR 3,75″/95 mm de largo]",,,,,12PAR30L/EXPERTCOLOR/F40/927/DIM,46677470968,929001341004,1,6,929001341004,0.285,,,,,470962.0,,12PAR30L/EXPERTCOLOR/F40/927/DIM,,,,,,Energy Star,,,1800.0,120.0,,,,,,,,,,,,,,,,,,,,,,,,,,,,,,,,,
GU5.3 [ GU5.3],Sí,15000.0,50000,,830 [ CCT de 3.000 K],36 °,400.0,Blanco (WH),3000.0,88.0,<6,80.0,70 %,50 a 60 Hz,4.5,,,50 W,0.5,0.5,,0.4,100-240 V,,,,,65.0,No,,,,MR16 [ 2″/50 mm],,,,,LED MR16 4.5-50W 36D 830 SO 100-240V 5PK,50046677563177,929001874051,1,6,929001874051,0.03,,,,,,,,,,,,,,,,700.0,,,,,,,,,,,,,,,,,,,,,,,,,,,,,,,,,,
GU5.3 [ GU5.3],Sí,15000.0,50000,,865 [ CCT de 6.500 K],36 °,400.0,Luz de día fría,6500.0,88.0,<6,80.0,70 %,50 a 60 Hz,4.5,,,50 W,0.5,0.5,,0.4,100-240 V,,,,,65.0,No,,,,MR16 [ 2″/50 mm],,,,,LED MR16 4.5-50W 36D 865 SO 100-240V 5PK,50046677563184,929001874151,1,6,929001874151,0.03,,,,,,,,,,,,,,,,700.0,,,,,,,,,,,,,,,,,,,,,,,,,,,,,,,,,,
GU5.3 [ GU5.3],Sí,25000.0,50000,,827 [ CCT de 2.700 K],25 °,515.0,Blanco cálido (WW),2700.0,73.0,<4,80.0,70 %,- Hz,7.0,,,50 W,0.5,0.5,,0.7,ac electronic 12 V,,,,,90.0,Solo con reguladores de intensidad específicos,Transparente,Aluminio,,MR16 [ 2″/50 mm],,,,,7MR16/LED/827/F25/DIM 12V 10/1FB,46677573867,929003076204,1,10,929003076204,0.06,,,,,,,,,,,,,Energy Star,,,2400.0,650.0,,,,,,,,,,,,,,,,,,,,,,,,,,,,,,,,,
GU5.3 [ GU5.3],Sí,25000.0,50000,,830 [ CCT de 3.000 K],25 °,515.0,Blanco (WH),3000.0,73.0,<4,80.0,70 %,- Hz,7.0,,,50 W,0.5,0.5,,0.7,ac electronic 12 V,,,,,90.0,Solo con reguladores de intensidad específicos,Transparente,Aluminio,,MR16 [ 2″/50 mm],,,,,7MR16/LED/830/F25/DIM 12V 10/1FB,46677573874,929003076304,1,10,929003076304,0.06,,,,,,,,,,,,,Energy Star,,,2500.0,650.0,,,,,,,,,,,,,,,,,,,,,,,,,,,,,,,,,
GU5.3 [ GU5.3],Sí,25000.0,50000,,827 [ CCT de 2.700 K],35 °,515.0,Blanco cálido (WW),2700.0,73.0,<4,80.0,70 %,- Hz,7.0,,,50 W,0.5,0.5,,0.7,ac electronic 12 V,,,,,90.0,Solo con reguladores de intensidad específicos,Transparente,Aluminio,,MR16 [ 2″/50 mm],,,,,7MR16/LED/827/F35/DIM 12V 10/1FB,46677573881,929003076404,1,10,929003076404,0.06,,,,,,,,,,,,,Energy Star,,,1350.0,650.0,,,,,,,,,,,,,,,,,,,,,,,,,,,,,,,,,
GU5.3 [ GU5.3],Sí,25000.0,50000,,830 [ CCT de 3.000 K],35 °,515.0,Blanco (WH),3000.0,73.0,<4,80.0,70 %,- Hz,7.0,,,50 W,0.5,0.5,,0.7,ac electronic 12 V,,,,,90.0,Solo con reguladores de intensidad específicos,Transparente,Aluminio,,MR16 [ 2″/50 mm],,,,,7MR16/LED/830/F35/DIM 12V 10/1FB,46677573898,929003076504,1,10,929003076504,0.06,,,,,,,,,,,,,Energy Star,,,1350.0,650.0,,,,,,,,,,,,,,,,,,,,,,,,,,,,,,,,,
E26 [ Single Contact Medium Screw],Sí,25000.0,25000,,930 [ CCT de 3.000 K],25 °,500.0,Blanco (WH),3000.0,90.0,<4,90.0,70 %,50 a 60 Hz,5.5,,,50 W,0.5,0.5,,0.9,120 V,,,,,75.0,Solo con reguladores de intensidad específicos,Transparente,Cristal,,"PAR20 [ PAR 2,5″]",,,,,5.5PAR20/LED/F25/930/DIM/G/T20 6/1FB,46677568061,929003026104,1,6,929003026104,0.12,,,,,,,,,,,,,Energy Star,,,1500.0,54.0,,,,,,,,,,,,,,,,,,,,,,,,,,,,,,,,,
E26 [ Single Contact Medium Screw],Sí,25000.0,25000,,922-927 [ CCT de 2.200 K a 2.700 K],25 °,500.0,Resplandor cálido (WG),,90.0,<4,90.0,70 %,50 a 60 Hz,5.5,,,50 W,0.5,0.5,,0.9,120 V,,,,,75.0,Solo con reguladores de intensidad específicos,Transparente,Cristal,,"PAR20 [ PAR 2,5″]",,,,,5.5PAR20/LED/F25/927-922/DIM/G/T20 6/1FB,46677568108,929003026304,1,6,929003026304,0.12,,,,,,,,,,,,,Energy Star,,,1300.0,54.0,,Sí,Sí,,,,,,,,,,,,,,,,,,,,,,,,,,,,,,
GU5.3 [ GU5.3],Sí,40000.0,50000,,930 [ CCT de 3.000 K],36 °,480.0,Blanco (WH),3000.0,71.0,<3,97.0,70 %,- Hz,6.7,,,50 W,0.5,0.5,,0.7,ac electronic 12 V,,,,,92.0,Solo con reguladores de intensidad específicos,,,,MR16 [ 2″/50 mm],,,,,MASTER LED MR16 ExpertColor 6.7-50W 930 36D,8719514357198,929003077408,1,10,929003077408,0.052,,,,,,871951435719800.0,,,,,,,,,,1450.0,650.0,,,,,,,,,,,,,,,,,,,,,,,,,,,,,,,,,
GU5.3 [ GU5.3],Sí,40000.0,50000,,940 [ CCT de 4.000 K],36 °,480.0,Blanco frío (CW),4000.0,71.0,<3,97.0,70 %,- Hz,6.7,,,50 W,0.5,0.5,,0.7,ac electronic 12 V,,,,,92.0,Solo con reguladores de intensidad específicos,,,,MR16 [ 2″/50 mm],,,,,MASTER LED MR16 ExpertColor 6.7-50W 940 36D,8719514357211,929003077508,1,10,929003077508,0.052,,,,,,871951435721100.0,,,,,,,,,,1450.0,650.0,,,,,,,,,,,,,,,,,,,,,,,,,,,,,,,,,
GU5.3 [ GU5.3],Sí,40000.0,50000,MASTER,927 [ CCT de 2.700K],10 °,410.0,Blanco cálido (WW),2700.0,61.0,<3,97.0,70 %,- Hz,6.7,,,35 W,0.5,0.5,,0.7,ac electronic 12 V,,,,,92.0,Solo con reguladores de intensidad específicos,,,,MR16 [ 2″/50 mm],,,,7.0,MASTER LED ExpertColor 6.7-35W MR16 927 10D,8719514358478,929003078802,1,10,929003078802,0.052,,,,,,871951435847800.0,,Sí,Narrow Cone,G,,624220.0,,,,4600.0,650.0,,,,410.0,,,,,,,,,,,,,,,,,,,,,,,,,,,,,
GU5.3 [ GU5.3],Sí,40000.0,50000,MASTER,927 [ CCT de 2.700K],24 °,420.0,Blanco cálido (WW),2700.0,62.0,<3,97.0,70 %,- Hz,6.7,,,35 W,0.5,0.5,,0.7,ac electronic 12 V,,,,,92.0,Solo con reguladores de intensidad específicos,,,,MR16 [ 2″/50 mm],,,,7.0,MASTER LED ExpertColor 6.7-35W MR16 927 24D,8719514358539,929003079102,1,10,929003079102,0.052,,,,,,871951435853900.0,,Sí,Narrow Cone,G,,624217.0,,,,2100.0,650.0,,,,420.0,,,,,,,,,,,,,,,,,,,,,,,,,,,,,
G53 [ G53],Sí,40000.0,50000,,927 [ CCT de 2.700K],24 °,950.0,Blanco cálido (WW),2700.0,63.0,<4,97.0,70 %,- Hz,15.0,,,75 W,0.5,0.5,,0.7,ac electronic 12 V,,,,,74.0,Sí,,,,AR111,,,,17.0,MAS LED ExpertColor 15-75W 927 AR111 24D,8718699690915,929002239008,1,6,929002239008,0.16,,,,,359224.0,871869969091500.0,MAS LED ExpertColor 15-75W 927 AR111 24D,,,,,,,,,3500.0,1800.0,,,,,,,,,,,,,,,,,,,,,,,,,,,,,,,,,
GU5.3 [ GU5.3],Sí,15000.0,50000,,830 [ CCT de 3.000 K],36 °,400.0,Blanco (WH),3000.0,88.0,<6,80.0,70 %,50 a 60 Hz,4.5,,,50 W,0.5,0.5,,0.4,100-240 V,,,,,65.0,No,,,,MR16 [ 2″/50 mm],,,,,LED MR16 4.5-50W 36D 830 SO 100-240V 1BC,46677535001,929001874011,1,6,929001874011,0.028,,,,,,871869681139900.0,LED MR16 4.5-50W 36D 830 SO 100-240V 1BC,,,,,,,,,700.0,,,,,,,,,,,,,,,,,,,,,,,,,,,,,,,,,,
GU5.3 [ GU5.3],Sí,15000.0,50000,,830 [ CCT de 3.000 K],36 °,400.0,Blanco (WH),3000.0,88.0,<6,80.0,70 %,50 a 60 Hz,4.5,,,50 W,0.5,0.5,,0.4,100-240 V,,,,,65.0,No,,,,MR16 [ 2″/50 mm],,,,,ESS LED MR16 4.5-50W 36D 830 SO 100-240V,46677535018,929001874012,1,10,929001874012,0.027,,,,,,871869681163400.0,,,,,,,,,,700.0,,,,,,,,,,,,,,,,,,,,,,,,,,,,,,,,,,
GU5.3 [ GU5.3],Sí,15000.0,50000,,830 [ CCT de 3.000 K],36 °,400.0,Blanco (WH),3000.0,88.0,<6,80.0,70 %,50 a 60 Hz,4.5,,,50 W,0.5,0.5,,0.4,100-240 V,,,,,65.0,No,,,,MR16 [ 2″/50 mm],,,,,LED MR16 4.5-50W 36D 830 SO 100-240V 3BC,50046677535020,929001874041,1,6,929001874041,0.009,,,,,,871869681327000.0,,,,,,,,,,700.0,77.0,,,,,,,,,,,,,,,,,,,,,,,,,,,,,,,,,
GU5.3 [ GU5.3],Sí,15000.0,50000,,830 [ CCT de 3.000 K],36 °,400.0,Blanco (WH),3000.0,88.0,<6,80.0,70 %,50 a 60 Hz,4.5,,,50 W,0.5,0.5,,0.4,100-240 V,,,,,65.0,No,,,,MR16 [ 2″/50 mm],,,,,LED MR16 4.5-50W 36D 830SO100-240V 1PF/6,46677567682,929001874061,1,6,929001874061,0.026,,,,,,,,,,,,,,,,700.0,,,,,,,,,,,,,,,,,,,,,,,,,,,,,,,,,,
GU5.3 [ GU5.3],Sí,15000.0,50000,,830 [ CCT de 3.000 K],36 °,400.0,Blanco (WH),3000.0,88.0,<6,80.0,70 %,50 a 60 Hz,4.5,,,50 W,0.5,0.5,,0.4,100-240 V,,,,,65.0,No,,,,MR16 [ 2″/50 mm],,,,,LED MR16 4.5-50W 36D 830SO100-240V 3CT/6,50046677567601,929001874063,1,6,929001874063,0.028,,,,,,,,,,,,,,,,700.0,,,,,,,,,,,,,,,,,,,,,,,,,,,,,,,,,,
GU5.3 [ GU5.3],Sí,15000.0,50000,,865 [ CCT de 6.500 K],36 °,400.0,Luz de día fría,6500.0,88.0,<6,80.0,70 %,50 a 60 Hz,4.5,,,50 W,0.5,0.5,,0.5,100-240 V,,,,,65.0,No,,,,MR16 [ 2″/50 mm],,,,,ESS LED MR16 4.5-50W 36D 865 SO 100-240V,46677535056,929001874112,1,10,929001874112,0.027,,,,,,871869680913600.0,,,,,,,,,,700.0,,,,,,,,,,,,,,,,,,,,,,,,,,,,,,,,,,
GU5.3 [ GU5.3],Sí,15000.0,50000,,865 [ CCT de 6.500 K],36 °,400.0,Luz de día fría,6500.0,88.0,<6,80.0,70 %,50 a 60 Hz,4.5,,,50 W,0.5,0.5,,0.4,100-240 V,,,,,65.0,No,,,,MR16 [ 2″/50 mm],,,,,LED MR16 4.5-50W 36D 865 SO 100-240V 3BC,50046677535068,929001874141,1,6,929001874141,0.01,,,,,,871869680903700.0,,,,,,,,,,700.0,77.0,,,,,,,,,,,,,,,,,,,,,,,,,,,,,,,,,
GU5.3 [ GU5.3],Sí,15000.0,50000,,865 [ CCT de 6.500 K],36 °,400.0,Luz de día fría,6500.0,88.0,<6,80.0,70 %,50 a 60 Hz,4.5,,,50 W,0.5,0.5,,0.4,100-240 V,,,,,65.0,No,,,,MR16 [ 2″/50 mm],,,,,LED MR16 4.5-50W 36D 865SO100-240V 1PF/6,46677567699,929001874161,1,6,929001874161,0.026,,,,,,,,,,,,,,,,700.0,,,,,,,,,,,,,,,,,,,,,,,,,,,,,,,,,,
GU5.3 [ GU5.3],Sí,15000.0,50000,,865 [ CCT de 6.500 K],36 °,400.0,Luz de día fría,6500.0,88.0,<6,80.0,70 %,50 a 60 Hz,4.5,,,50 W,0.5,0.5,,0.4,100-240 V,,,,,65.0,No,,,,MR16 [ 2″/50 mm],,,,,LED MR16 4.5-50W 36D 865SO100-240V 3CT/6,50046677567618,929001874163,1,6,929001874163,0.028,,,,,,,,,,,,,,,,700.0,,,,,,,,,,,,,,,,,,,,,,,,,,,,,,,,,,
GU5.3 [ GU5.3],Sí,15000.0,50000,,830 [ CCT de 3.000 K],36 °,400.0,Blanco (WH),3000.0,88.0,<6,80.0,70 %,60 Hz,4.5,,,50 W,0.5,0.5,,0.5,120 V,,,,,65.0,Sí,,,,MR16 [ 2″/50 mm],,,,,LED MR16 4.5-50W 36D 830 SO 120V Dim 1CT,46677541767,929001874412,1,10,929001874412,0.042,,,,,541763.0,,,,,,,,,,,750.0,55.0,,,,,,,,,,,,,,,,,,,,,,,,,,,,,,,,,
GU10 [ GU10],Sí,15000.0,50000X,,830 [ CCT de 3.000 K],35 °,400.0,Blanco (WH),3000.0,66.0,<6,80.0,70 %,60 Hz,6.0,,,50 W,0.5,1.0,,0.85,120 V,45.0,-20.0,,,85.0,Sí,,,,PAR16 [ PAR 2″],,,,,LEDspot GU10 6-50W D 830 35D 120V PF,46677466442,929001266441,1,10,929001266441,0.042,,,,,466441.0,,LEDSPOT GU10 6-50W D 830 35D 120V PF,,,,,,,,,600.0,50.0,,,,,,,,,,,,,,,,,,,,,,,,,,,,,,,,,
GU10 [ GU10],Sí,15000.0,50000,,830 [ CCT de 3.000 K],35 °,400.0,Blanco (WH),3000.0,66.0,<6,80.0,70 %,60 Hz,6.0,,,50 W,0.5,1.0,,0.85,120 V,,,,,85.0,Solo con reguladores de intensidad específicos,,,,PAR16 [ PAR 2″],,,,,LEDspot GU10 6-50W D 830 35D 120V 3CT/6,8719514332508,929001266483,1,6,929001266483,0.058,,,,,,871951433249200.0,,,,,,,,,,600.0,50.0,,,,,,,,,,,,,,,,,,,,,,,,,,,,,,,,,
GU10 [ GU10],Sí,15000.0,50000,,850 [ CCT de 5.000 K],36 °,400.0,Luz de día,5000.0,66.0,<6,80.0,70 %,60 Hz,6.0,,,50 W,0.5,1.0,,0.85,120 V,,,,,85.0,Solo con reguladores de intensidad específicos,,,,PAR16 [ PAR 2″],,,,,LEDspot GU10 6-50W D 850 36D 120V 1PF/6,8719514332935,929001266541,1,6,929001266541,0.058,,,,,,871951433293500.0,,,,,,,,,,600.0,50.0,,,,,,,,,,,,,,,,,,,,,,,,,,,,,,,,,
GU10 [ GU10],Sí,15000.0,50000,,865 [ CCT de 6.500 K],35 °,400.0,Luz de día fría,6500.0,66.0,<6,80.0,70 %,50 a 60 Hz,6.0,,,50 W,0.5,0.5,,0.7,120 V,,,,,65.0,Sí,,,,PAR16 [ PAR 2″],,,,,LEDspot GU10 6-50W D 865 35D 120V 1BC,8718699691196,929002055811,1,6,929002055811,0.049,,,,,,871869969119600.0,LEDspot GU10 6-50W D 865 35D 120V 1BC,,,,,,,,,600.0,50.0,,,,,,,,,,,,,,,,,,,,,,,,,,,,,,,,,
GU10 [ GU10],Sí,15000.0,50000,,865 [ CCT de 6.500 K],35 °,400.0,Luz de día fría,6500.0,66.0,<6,80.0,70 %,50 a 60 Hz,6.0,,,50 W,0.5,0.5,,0.7,120 V,,,,,65.0,Solo con reguladores de intensidad específicos,,,,PAR16 [ PAR 2″],,,,,LEDspot GU10 6-50W D 865 35D 120V 1PF/6,8719514332799,929002055861,1,6,929002055861,0.058,,,,,,871951433279900.0,,,,,,,,,,600.0,50.0,,,,,,,,,,,,,,,,,,,,,,,,,,,,,,,,,
GU10 [ GU10],Sí,15000.0,50000,,827 [ CCT de 2.700 K],36 °,350.0,Blanco cálido (WW),2700.0,70.0,<6,80.0,70 %,50 a 60 Hz,5.0,,,50 W,0.5,0.5,,0.4,100-240 V,,,,,75.0,No,,,,PAR16 [ PAR 2″],,,,,LEDspot50W GU10Kit_R 827 100-240V 36D,8719514332812,929001970841,1,6,929001970841,0.06,,,,,,871951433281200.0,,,,,,,,,,600.0,,,,,,,,,,,,,,,,,,,,,,,,,,,,,,,,,,
GU10 [ GU10],Sí,15000.0,50000,,827 [ CCT de 2.700 K],36 °,350.0,Blanco cálido (WW),2700.0,70.0,<6,80.0,70 %,50 a 60 Hz,5.0,,,50 W,0.5,0.5,,0.4,100-240 V,,,,,75.0,No,,,,PAR16 [ PAR 2″],,,,,LEDspot50W GU10Kit_R 827 100-240V 36D,8718696786208,929001970871,1,6,929001970871,0.09,,,,,,871869678620800.0,,,,,,,,,,600.0,75.0,,,,,,,,,,,,,,,,,,,,,,,,,,,,,,,,,
GU10 [ GU10],Sí,15000.0,50000,,865 [ CCT de 6.500 K],36 °,350.0,Luz de día fría,6500.0,70.0,<6,80.0,70 %,50 a 60 Hz,5.0,,,50 W,0.5,0.5,,0.4,100-240 V,,,,,75.0,No,,,,PAR16 [ PAR 2″],,,,,LEDspot50W GU10Kit_R 865 100-240V 36D,8719514332836,929001970941,1,6,929001970941,0.06,,,,,,871951433283600.0,,,,,,,,,,600.0,,,,,,,,,,,,,,,,,,,,,,,,,,,,,,,,,,
GU10 [ GU10],Sí,15000.0,50000,,865 [ CCT de 6.500 K],36 °,350.0,Luz de día fría,6500.0,70.0,<6,80.0,70 %,50 a 60 Hz,5.0,,,50 W,0.5,0.5,,0.4,100-240 V,,,,,75.0,No,,,,PAR16 [ PAR 2″],,,,,LEDspot50W GU10Kit_R 865 100-240V 36D,8718696786222,929001970971,1,6,929001970971,0.09,,,,,,871869678622200.0,,,,,,,,,,600.0,75.0,,,,,,,,,,,,,,,,,,,,,,,,,,,,,,,,,
GU10 [ GU10],Sí,15000.0,50000,,865 [ CCT de 6.500 K],36 °,350.0,Luz de día fría,6500.0,70.0,<6,80.0,70 %,50 a 60 Hz,5.0,,,50 W,0.5,0.5,,0.4,100-240 V,,,,,75.0,No,,,,PAR16 [ PAR 2″],,,,,LEDspot50W GU10Kit_S 865 100-240V 36D,8719514332850,929001971081,1,6,929001971081,0.06,,,,,,871951433285000.0,,,,,,,,,,600.0,,,,,,,,,,,,,,,,,,,,,,,,,,,,,,,,,,
GU10 [ GU10],Sí,15000.0,50000X,,830 [ CCT de 3.000 K],35 °,400.0,Blanco (WH),3000.0,66.0,<6,80.0,70 %,60 Hz,6.0,,,50 W,0.5,1.0,,0.85,120 V,45.0,-20.0,,,85.0,Sí,,,,PAR16 [ PAR 2″],,,,,LEDspot GU10 6-50W D 830 35D 120V PF,46677466442,929001266441,1,10,929001266441,0.042,,,,,466441.0,,LEDSPOT GU10 6-50W D 830 35D 120V PF,,,,,,,,,600.0,50.0,,,,,,,,,,,,,,,,,,,,,,,,,,,,,,,,,
GU10 [ GU10],Sí,15000.0,50000,,830 [ CCT de 3.000 K],35 °,400.0,Blanco (WH),3000.0,66.0,<6,80.0,70 %,60 Hz,6.0,,,50 W,0.5,1.0,,0.85,120 V,,,,,85.0,Solo con reguladores de intensidad específicos,,,,PAR16 [ PAR 2″],,,,,LEDspot GU10 6-50W D 830 35D 120V 3CT/6,8719514332508,929001266483,1,6,929001266483,0.058,,,,,,871951433249200.0,,,,,,,,,,600.0,50.0,,,,,,,,,,,,,,,,,,,,,,,,,,,,,,,,,
GU10 [ GU10],Sí,15000.0,50000,,850 [ CCT de 5.000 K],36 °,400.0,Luz de día,5000.0,66.0,<6,80.0,70 %,60 Hz,6.0,,,50 W,0.5,1.0,,0.85,120 V,,,,,85.0,Solo con reguladores de intensidad específicos,,,,PAR16 [ PAR 2″],,,,,LEDspot GU10 6-50W D 850 36D 120V 1PF/6,8719514332935,929001266541,1,6,929001266541,0.058,,,,,,871951433293500.0,,,,,,,,,,600.0,50.0,,,,,,,,,,,,,,,,,,,,,,,,,,,,,,,,,
GU10 [ GU10],Sí,15000.0,50000,,865 [ CCT de 6.500 K],35 °,400.0,Luz de día fría,6500.0,66.0,<6,80.0,70 %,50 a 60 Hz,6.0,,,50 W,0.5,0.5,,0.7,120 V,,,,,65.0,Sí,,,,PAR16 [ PAR 2″],,,,,LEDspot GU10 6-50W D 865 35D 120V 1BC,8718699691196,929002055811,1,6,929002055811,0.049,,,,,,871869969119600.0,LEDspot GU10 6-50W D 865 35D 120V 1BC,,,,,,,,,600.0,50.0,,,,,,,,,,,,,,,,,,,,,,,,,,,,,,,,,
GU10 [ GU10],Sí,15000.0,50000,,865 [ CCT de 6.500 K],35 °,400.0,Luz de día fría,6500.0,66.0,<6,80.0,70 %,50 a 60 Hz,6.0,,,50 W,0.5,0.5,,0.7,120 V,,,,,65.0,Solo con reguladores de intensidad específicos,,,,PAR16 [ PAR 2″],,,,,LEDspot GU10 6-50W D 865 35D 120V 1PF/6,8719514332799,929002055861,1,6,929002055861,0.058,,,,,,871951433279900.0,,,,,,,,,,600.0,50.0,,,,,,,,,,,,,,,,,,,,,,,,,,,,,,,,,
GU10 [ GU10],Sí,15000.0,50000,,827 [ CCT de 2.700 K],36 °,350.0,Blanco cálido (WW),2700.0,70.0,<6,80.0,70 %,50 a 60 Hz,5.0,,,50 W,0.5,0.5,,0.4,100-240 V,,,,,75.0,No,,,,PAR16 [ PAR 2″],,,,,LEDspot50W GU10Kit_R 827 100-240V 36D,8719514332812,929001970841,1,6,929001970841,0.06,,,,,,871951433281200.0,,,,,,,,,,600.0,,,,,,,,,,,,,,,,,,,,,,,,,,,,,,,,,,
GU10 [ GU10],Sí,15000.0,50000,,827 [ CCT de 2.700 K],36 °,350.0,Blanco cálido (WW),2700.0,70.0,<6,80.0,70 %,50 a 60 Hz,5.0,,,50 W,0.5,0.5,,0.4,100-240 V,,,,,75.0,No,,,,PAR16 [ PAR 2″],,,,,LEDspot50W GU10Kit_R 827 100-240V 36D,8718696786208,929001970871,1,6,929001970871,0.09,,,,,,871869678620800.0,,,,,,,,,,600.0,75.0,,,,,,,,,,,,,,,,,,,,,,,,,,,,,,,,,
GU10 [ GU10],Sí,15000.0,50000,,865 [ CCT de 6.500 K],36 °,350.0,Luz de día fría,6500.0,70.0,<6,80.0,70 %,50 a 60 Hz,5.0,,,50 W,0.5,0.5,,0.4,100-240 V,,,,,75.0,No,,,,PAR16 [ PAR 2″],,,,,LEDspot50W GU10Kit_R 865 100-240V 36D,8719514332836,929001970941,1,6,929001970941,0.06,,,,,,871951433283600.0,,,,,,,,,,600.0,,,,,,,,,,,,,,,,,,,,,,,,,,,,,,,,,,
GU10 [ GU10],Sí,15000.0,50000,,865 [ CCT de 6.500 K],36 °,350.0,Luz de día fría,6500.0,70.0,<6,80.0,70 %,50 a 60 Hz,5.0,,,50 W,0.5,0.5,,0.4,100-240 V,,,,,75.0,No,,,,PAR16 [ PAR 2″],,,,,LEDspot50W GU10Kit_R 865 100-240V 36D,8718696786222,929001970971,1,6,929001970971,0.09,,,,,,871869678622200.0,,,,,,,,,,600.0,75.0,,,,,,,,,,,,,,,,,,,,,,,,,,,,,,,,,
GU10 [ GU10],Sí,15000.0,50000,,865 [ CCT de 6.500 K],36 °,350.0,Luz de día fría,6500.0,70.0,<6,80.0,70 %,50 a 60 Hz,5.0,,,50 W,0.5,0.5,,0.4,100-240 V,,,,,75.0,No,,,,PAR16 [ PAR 2″],,,,,LEDspot50W GU10Kit_S 865 100-240V 36D,8719514332850,929001971081,1,6,929001971081,0.06,,,,,,871951433285000.0,,,,,,,,,,600.0,,,,,,,,,,,,,,,,,,,,,,,,,,,,,,,,,,
GU10 [ GU10],Sí,15000.0,50000,,827 [ CCT de 2.700 K],36 °,350.0,Blanco cálido (WW),2700.0,70.0,<6,80.0,70 %,50 a 60 Hz,5.0,,,50 W,0.5,0.5,,0.4,100-240 V,,,,,75.0,No,,,,PAR16 [ PAR 2″],,,,,LEDspot50W GU10Kit_S 827 100-240V 36D,8719514332874,929001971181,1,6,929001971181,0.06,,,,,,871951433287400.0,,,,,,,,,,600.0,,,,,,,,,,,,,,,,,,,,,,,,,,,,,,,,,,
GU10 [ GU10],Sí,15000.0,50000,,827 [ CCT de 2.700 K],36 °,350.0,Blanco cálido (WW),2700.0,70.0,<6,80.0,70 %,50 a 60 Hz,5.0,,,50 W,0.5,0.5,,0.4,100-240 V,,,,,75.0,No,,,,PAR16 [ PAR 2″],,,,,LEDspot 5-50W GU10 827 100-240V 36D ND,8718696706152,929001971241,1,10,929001971241,0.06,,,,,118075.0,871869670615200.0,,,,,,,,,,600.0,75.0,,,,,,,,,,,,,,,,,,,,,,,,,,,,,,,,,
GU10 [ GU10],Sí,15000.0,50000,,865 [ CCT de 6.500 K],36 °,350.0,Luz de día fría,6500.0,70.0,<6,80.0,70 %,50 a 60 Hz,5.0,,,50 W,0.5,0.5,,0.5,100-240 V,,,,,75.0,No,,,,PAR16 [ PAR 2″],,,,,LEDspot 5-50W GU10 865 100-240V 36D ND,8718696706176,929001971341,1,10,929001971341,0.06,,,,,118083.0,871869670617600.0,,,,,,,,,,600.0,75.0,,,,,,,,,,,,,,,,,,,,,,,,,,,,,,,,,
GU10 [ GU10],Sí,25000.0,50000,,827 [ CCT de 2.700 K],36 °,350.0,Blanco cálido (WW),2700.0,87.0,<6,80.0,70 %,50 a 60 Hz,4.0,,,50 W,0.5,0.5,,0.4,100-240 V,,,,,70.0,No,,,,PAR16 [ PAR 2″],,,,,LEDspot 4-50W GU10 827 100-240V 36D ND,8718699749699,929002350381,1,6,929002350381,0.052,,,,,,871869974969900.0,LEDspot 4-50W GU10 827 100-240V 36D ND,,,,,,,,,540.0,,,,,,,,,,,,,,,,,,,,,,,,,,,,,,,,,,
GU10 [ GU10],Sí,25000.0,50000,,865 [ CCT de 6.500 K],36 °,350.0,Luz de día fría,6500.0,87.0,<6,80.0,70 %,50 a 60 Hz,4.0,,,50 W,0.5,0.5,,0.4,100-240 V,,,,,70.0,No,,,,PAR16 [ PAR 2″],,,,,LEDspot 4-50W GU10 865 100-240V 36D ND,8718699768768,929002350481,1,6,929002350481,0.052,,,,,,871869976876800.0,LEDspot 4-50W GU10 865 100-240V 36D ND,,,,,,,,,540.0,,,,,,,,,,,,,,,,,,,,,,,,,,,,,,,,,,
E40 [ E40],Sí,50000.0,50000,,840 [ CCT de 4.000 K],60 °,20000.0,Blanco frío (CW),4000.0,142.0,<6,80.0,70 %,50 a 60 Hz,140.0,1450.0,660.0,400 W,0.5,0.5,,0.9,110-277 V,45.0,-20.0,,,60.0,No,Transparente,,,Otros,,,,,TrueForce HB 140W E40 840 NB LA,8718699732646,929002281612,1,4,929002281612,1.25,,,,,100081.0,871869973264600.0,LED TrueForce HB E40 70º 140W 4000K,,,,,,,,,,,,,,,,,,,,,,,,,,,,,,,,,,,,,,,,,,,
E40 [ E40],Sí,50000.0,50000,,840 [ CCT de 4.000 K],120 °,20000.0,Blanco frío (CW),4000.0,142.0,<6,80.0,70 %,50 a 60 Hz,140.0,1450.0,660.0,400 W,0.5,0.5,,0.9,110-277 V,45.0,-20.0,,,60.0,No,Transparente,,,Otros,,,,,TrueForce HB 140W E40 840 WB LA,8718699732660,929002281712,1,4,929002281712,1.25,,,,,100123.0,871869973266000.0,LED TrueForce HB E40 130º 140W 4000K,,,,,,,,,,,,,,,,,,,,,,,,,,,,,,,,,,,,,,,,,,,
E40 [ E40],Sí,50000.0,50000,,865 [ CCT de 6.500 K],60 °,20000.0,Luz de día fría,6500.0,142.0,<6,80.0,70 %,50 a 60 Hz,140.0,1450.0,660.0,400 W,0.5,0.5,,0.9,110-277 V,45.0,-20.0,,,60.0,No,Transparente,,,Otros,,,,,TrueForce HB 140W E40 865 NB LA,8718699732684,929002281812,1,4,929002281812,1.25,,,,,100149.0,871869973268400.0,LED TrueForce HB E40 70º 140W 6500K,,,,,,,,,,,,,,,,,,,,,,,,,,,,,,,,,,,,,,,,,,,
E40 [ E40],Sí,50000.0,50000,,865 [ CCT de 6.500 K],120 °,20000.0,Luz de día fría,6500.0,142.0,<6,80.0,70 %,50 a 60 Hz,140.0,1450.0,660.0,400 W,0.5,0.5,,0.9,110-277 V,45.0,-20.0,,,60.0,No,Transparente,,,Otros,,,,,TrueForce HB 140W E40 865 WB LA,8718699732707,929002281912,1,4,929002281912,1.25,,,,,100164.0,871869973270700.0,LED TrueForce HB E40 130º 140W 6500K,,,,,,,,,,,,,,,,,,,,,,,,,,,,,,,,,,,,,,,,,,,
E40 [ E40],Sí,50000.0,50000,,865 [ CCT de 6.500 K],120 °,25000.0,Luz de día fría,6500.0,156.0,<6,80.0,70 %,50 a 60 Hz,160.0,1650.0,705.0,600 W,0.5,0.5,,0.9,110-277 V,45.0,-20.0,,,58.0,Sí,Transparente,,,Otros,,,,,TrueForce HB 160W E40 865 WB Sensor LA,8718699766573,929002282112,1,4,929002282112,1.25,,,,,,871869976657300.0,,,,,,,,,,,,,,,,,,,,,,,,,,,,,,,,,,,,,,,,,,,,
E27 [ E27],Sí,25000.0,50000,,865 [ CCT de 6.500 K],180 °,4800.0,Luz de día fría,6500.0,120.0,<6,80.0,70 %,50 a 60 Hz,40.0,,,100 W,0.5,0.5,,0.92,100-240 V,45.0,-20.0,,,68.7,No,Esmerilado,,,Forma de T,,,,,TrueForce Core HB 40W E27 865 WV,8718699750237,929002354212,1,6,929002354212,0.204,,,,,,871869975023700.0,LÂMPADA LED ALTA POTÊNCIA TF40WE27,,,,,,,,,,375.0,,,,,,,,,,,,,,,,,,,,,,,,,,,,,,,,,
E40 [ E40],Sí,25000.0,50000,,865 [ CCT de 6.500 K],180 °,7000.0,Luz de día fría,6500.0,116.0,<6,80.0,70 %,50 a 60 Hz,60.0,,,125 W,0.5,0.5,,0.9,100-277 V,45.0,-20.0,,,80.0,No,Esmerilado,,,Forma de T,,,,,TrueForce Core HB 60W E40 865 WV G3,8718699780517,929002409612,1,4,929002409612,0.29,,,,,100180.0,871869978051700.0,LÂMPADA LED ALTA POTÊNCIA TF60WE40,,,,,,,,,,640.0,,,,,,,,,,,,,,,,,,,,,,,,,,,,,,,,,
E40 [ E40],Sí,15000.0,50000,,865 [ CCT de 6.500 K],180 °,5000.0,Luz de día fría,6500.0,100.0,<6,80.0,70 %,50 a 60 Hz,50.0,,,70 W,0.5,0.5,,0.5,100-240 V,45.0,-20.0,,,78.0,No,Esmerilado,,,Forma de T,,,,,TrueForce Core HB 50W E40 865 WV G3,8718699780494,929002410412,1,6,929002410412,0.193,,,,,,871869978049400.0,LÂMPADA LED ALTA POTÊNCIA TF50WE40,,,,,,,,,,735.0,,,,,,,,,,,,,,,,,,,,,,,,,,,,,,,,,
E40 [ E40],Sí,25000.0,50000,,865 [ CCT de 6.500 K],180 °,9000.0,Luz de día fría,6500.0,112.0,<6,80.0,70 %,50 a 60 Hz,80.0,,,150 W,0.5,0.5,,0.9,100-277 V,45.0,-20.0,,,78.0,No,Esmerilado,,,Forma de T,,,,,TrueForce Core HB 80W E40 865 WV G3,8718699780531,929002409912,1,4,929002409912,0.432,,,,,100206.0,871869978053100.0,LÂMPADA LED ALTA POTÊNCIA TF80WE40,,,,,,,,,,730.0,,,,,,,,,,,,,,,,,,,,,,,,,,,,,,,,,
E27 [ E27],Sí,15000.0,50000,,830 [ CCT de 3.000 K],150 °,450.0,Blanco (WH),3000.0,75.0,<6,80.0,70 %,50 a 60 Hz,6.0,,,40 W,0.5,0.5,,0.5,100-130 V,,,,,85.0,No,Esmerilado,,,A19 (A19),,,,,EcoHome LEDBulb 6W E27 3000KLV 1PF/12MX,8718699731625,929002312103,1,12,929002312103,0.06,,,,,,871869973162501.0,,,,,,,,,,,85.0,,,,,,,,,,,,,,,,,,,,,,,,,,,,,,,,,
E27 [ E27],Sí,15000.0,50000,,865 [ CCT de 6.500 K],150 °,450.0,Luz de día fría,6500.0,75.0,<6,80.0,70 %,50 a 60 Hz,6.0,,,40 W,0.5,0.5,,0.5,100-130 V,,,,,85.0,No,Esmerilado,,,A19 (A19),,,,,EcoHome LEDBulb 6W E27 6500KLV 1PF/12MX,8718699731649,929002312203,1,12,929002312203,0.06,,,,,,871869973164901.0,,,,,,,,,,,85.0,,,,,,,,,,,,,,,,,,,,,,,,,,,,,,,,,
E27 [ E27],Sí,15000.0,50000,,830 [ CCT de 3.000 K],150 °,800.0,Blanco (WH),3000.0,80.0,<6,80.0,70 %,50 a 60 Hz,10.0,,,60 W,0.5,0.5,,0.5,100-130 V,,,,,90.0,No,Esmerilado,,,A19 (A19),,,,,EcoHome LEDBulb 10W E27 3000KLV 1PF/12MX,8718699731663,929002312303,1,12,929002312303,0.06,,,,,,871869973166301.0,,,,,,,,,,,150.0,,,,,,,,,,,,,,,,,,,,,,,,,,,,,,,,,
E27 [ E27],Sí,15000.0,50000,,830 [ CCT de 3.000 K],150 °,800.0,Blanco (WH),3000.0,80.0,<6,80.0,70 %,50 a 60 Hz,10.0,,,60 W,0.5,0.5,,0.5,100-130 V,,,,,90.0,No,Esmerilado,,,A19 (A19),,,,,EcoHome LEDBulb 10W E27 3000KLV 4PF/12MX,8719514315747,929002312363,1,12,929002312363,0.034,,,,,,871951431573000.0,,,,,,,,,,,150.0,,,,,,,,,,,,,,,,,,,,,,,,,,,,,,,,,
E27 [ E27],Sí,15000.0,50000,,865 [ CCT de 6.500 K],150 °,800.0,Luz de día fría,6500.0,80.0,<6,80.0,70 %,50 a 60 Hz,10.0,,,60 W,0.5,0.5,,0.5,100-130 V,,,,,90.0,No,Esmerilado,,,A19 (A19),,,,,EcoHome LEDBulb 10W E27 6500KLV 1PF/12MX,8718699731847,929002312403,1,12,929002312403,0.06,,,,,,871869973184701.0,,,,,,,,,,,150.0,,,,,,,,,,,,,,,,,,,,,,,,,,,,,,,,,
E27 [ E27],Sí,15000.0,50000,,830 [ CCT de 3.000 K],150 °,1310.0,Blanco (WH),3000.0,93.0,<6,80.0,70 %,50 a 60 Hz,14.0,,,100 W,0.5,0.5,,0.5,100-130 V,,,,,95.0,No,Esmerilado,,,A19 (A19),,,,,EcoHome LEDBulb 14W E27 3000KLV 1PF/12MX,8719514315853,929002312703,1,12,929002312703,0.06,,,,,,871951431585300.0,,,,,,,,,,,220.0,,,,,,,,,,,,,,,,,,,,,,,,,,,,,,,,,
E27 [ E27],Sí,15000.0,50000,,865 [ CCT de 6.500 K],150 °,1310.0,Luz de día fría,6500.0,93.0,<6,80.0,70 %,50 a 60 Hz,14.0,,,100 W,0.5,0.5,,0.5,100-130 V,,,,,95.0,No,Esmerilado,,,A19 (A19),,,,,EcoHome LEDBulb 14W E27 6500KLV 1PF/12MX,8718699731724,929002312803,1,12,929002312803,0.06,,,,,,871869973172401.0,,,,,,,,,,,220.0,,,,,,,,,,,,,,,,,,,,,,,,,,,,,,,,,
E27 [ E27],Sí,10000.0,20000,,,120 °,,,,,-,54.0,70 %,50 a 60 Hz,8.0,,,,0.5,0.5,,0.5,120 V,,,,,80.0,No,,,,A19 (A19),,,,,8A19/LED/RED/ND 120V E27 6/1FB,46677568726,929001998471,1,6,929001998471,0.03,,,,,,,,,,,,,,,,,115.0,,,,,,,,,,,,,,,,,,,,,,,,,,,,,,,,,
E27 [ E27],Sí,10000.0,20000,,,160 °,,,,,-,45.0,70 %,50 a 60 Hz,8.0,,,,0.5,0.5,,0.5,120 V,,,,,80.0,No,,,,A19 (A19),,,,,8A19/LED/GREEN/ND 120V E27 6/1FB,46677568719,929001998571,1,6,929001998571,0.03,,,,,,,,,,,,,,,,,115.0,,,,,,,,,,,,,,,,,,,,,,,,,,,,,,,,,
E27 [ E27],Sí,10000.0,20000,,,120 °,,,,,-,18.0,70 %,50 a 60 Hz,8.0,,,,0.5,0.5,,0.5,120 V,,,,,80.0,No,,,,A19 (A19),,,,,8A19/LED/BLUE/ND 120V E27 6/1FB,46677568702,929001998671,1,6,929001998671,0.03,,,,,,,,,,,,,,,,,115.0,,,,,,,,,,,,,,,,,,,,,,,,,,,,,,,,,
E27 [ E27],Sí,10000.0,20000,,,160 °,,,,,-,62.0,70 %,50 a 60 Hz,8.0,,,,0.5,0.5,,0.5,120 V,,,,,80.0,No,,,,A19 (A19),,,,,8A19/LED/YELLOW/ND 120V E27 6/1FB,46677568696,929001998771,1,6,929001998771,0.03,,,,,,,,,,,,,,,,,115.0,,,,,,,,,,,,,,,,,,,,,,,,,,,,,,,,,
E27 [ E27],Sí,10000.0,20000,,,160 °,,,,,-,38.0,70 %,50 a 60 Hz,8.0,,,,0.5,0.5,,0.5,120 V,,,,,80.0,No,,,,A19 (A19),,,,,8A19/LED/ORANGE/ND 120V E27 6/1FB,46677568689,929001998871,1,6,929001998871,0.03,,,,,,,,,,,,,,,,,115.0,,,,,,,,,,,,,,,,,,,,,,,,,,,,,,,,,
E27 [ E27],Sí,10000.0,20000,,,120 °,,,,,-,54.0,70 %,50 a 60 Hz,8.0,,,,0.5,0.5,,0.5,120 V,,,,,80.0,No,,,,A19 (A19),,,,,8A19/LED/PURPLE/ND 120V E27 6/1FB,46677568672,929001998971,1,6,929001998971,0.03,,,,,,,,,,,,,,,,,115.0,,,,,,,,,,,,,,,,,,,,,,,,,,,,,,,,,
E26 [ Single Contact Medium Screw],Sí,15000.0,20000,,822 [ CCT de 2.200 K],,300.0,Llamas,2200.0,66.0,<6,80.0,70 %,60 Hz,4.5,,,25 W,0.5,0.5,,0.7,120 V,,,,,50.0,Sí,Transparente,,,G25 (G25),,,,,4.5G25/VIN/822/E26/CL/GL/DIM 4/1BC,46677470418,929001335443,1,4,929001335443,0.04,,,,,470419.0,,4.5G25/VIN/822/E26/CL/GL/DIM 4/1BC,,,,,,No,,,,40.0,,,,,,,,,,,,,,,,,,,,,,,,,,,,,,,,,
E26 [ Single Contact Medium Screw],Sí,15000.0,20000,,822 [ CCT de 2.200 K],,300.0,Llamas,2200.0,66.0,<6,80.0,70 %,60 Hz,4.5,,,40 W,0.5,0.5,,0.7,120 V,45.0,-20.0,,,55.0,Solo con reguladores de intensidad específicos,Transparente,,,T-10,,,,,4.5T10/VIN/822/E26/CL/GL/DIM 4/1BC,46677470432,929001335743,1,4,929001335743,0.042,,,,,470435.0,,4.5T10/VIN/822/E26/CL/GL/DIM 4/1BC,,,,,,,,,,40.0,,,,,,,,,,,,,,,,,,,,,,,,,,,,,,,,,
E27 [ E27],Sí,15000.0,20000,,825 [ CCT de 2.500 K],280 °,400.0,Blanco cálido (WW),2500.0,100.0,<6,80.0,70 %,50 a 60 Hz,4.0,,,35 W,0.5,0.5,,0.4,100-240 V,,,,,50.0,No,Ámbar transparente,,,ST64,,,,,LEDClassic 35W ST64 E27 825 100-240VNDLA,8718699621506,929001941642,1,4,929001941642,0.06,,,,,536235.0,871869962150600.0,,,,,,,,,,,,,,,,,,,,,,,,,,,,,,,,,,,,,,,,,,,,
E27 [ E27],Sí,15000.0,20000,,825 [ CCT de 2.500 K],280 °,400.0,Blanco cálido (WW),2500.0,100.0,<6,80.0,70 %,50 a 60 Hz,4.0,,,35 W,0.5,0.5,,0.4,100-240 V,,,,,50.0,No,Ámbar transparente,,,ST64,,,,,LEDClassic 35W ST64 E27 825 WV ND 2CT,50046677555981,929001941648,1,4,929001941648,0.056,,,,,,,,,,,,,,,,,,,,,,,,,,,,,,,,,,,,,,,,,,,,,,,,,,
E27 [ E27],Sí,15000.0,20000,,825 [ CCT de 2.500 K],280 °,400.0,Blanco cálido (WW),2500.0,100.0,<6,80.0,70 %,50 a 60 Hz,4.0,,,35 W,0.5,0.5,,0.4,100-240 V,,,,,50.0,No,Ámbar transparente,,,ST64,,,,,LEDClassic 35W ST64 E27 825 100-240VNDLA,46677568535,929001941682,1,6,929001941682,0.048,,,,,,,,,,,,,,,,,,,,,,,,,,,,,,,,,,,,,,,,,,,,,,,,,,
E27 [ E27],Sí,15000.0,20000,,827 [ CCT de 2.700 K],,500.0,Blanco cálido (WW),2700.0,111.0,<6,80.0,70 %,60 Hz,4.5,,,40 W,0.5,0.5,,0.5,120 V,,,,,50.0,No,Transparente,,,A15 [ A 15 mm],,,,,LEDClassic 4.5W A15 E27 827 CL ND 1PF/10,46677558826,929002355642,1,10,929002355642,0.019,,,,,558825.0,,,,,,,,,,,,75.0,,,,,,,,,,,,,,,,,,,,,,,,,,,,,,,,,
E26 [ Single Contact Medium Screw],Sí,15000.0,20000X,,820 [ CCT de 2.000 K],300 °,300.0,Llamas,2000.0,68.0,<6,80.0,70 %,60 Hz,4.4,,,40 W,0.5,0.5,,0.7,120 V,45.0,-20.0,,,,Solo con reguladores de intensidad específicos,Ámbar,,,ST19,,,,,4.4ST19/VIN/820/AM/G/E26/D/T/SP4/2PF,50046677564846,929002990303,1,4,929002990303,0.044,,,,,,,,,,,,,,,,,50.0,,,,,,,,,,,,,,,,,,,,,,,,,,,,,,,,,
E26 [ Single Contact Medium Screw],Sí,15000.0,50000,,922-927 [ CCT de 2.200 K a 2.700 K],250 °,800.0,Resplandor cálido (WG),,90.0,<4,90.0,70 %,60 Hz,8.8,,,60 W,0.5,0.5,,0.7,120 V,,,,,85.0,Solo con reguladores de intensidad específicos,Esmerilado,,,A19 (A19),,,,,8.8A19/AMB/927-22 WG 120V LA,46677568818,929001940941,1,6,929001940941,0.06,,,,,,,,,,,,,,,,,108.0,,Sí,Sí,,,,,,,,,,,,,,,,,,,,,,,,,,,,,,
E26 [ Single Contact Medium Screw],Sí,15000.0,50000,,950 [ CCT de 5.000 K],250 °,800.0,Luz de día,5000.0,90.0,<4,90.0,70 %,60 Hz,8.8,,,60 W,0.5,0.5,,0.7,120 V,,,,,85.0,Solo con reguladores de intensidad específicos,Esmerilado,,,A19 (A19),,,,,8.8A19/AMB/950 DIM 120V LA,46677568825,929002036341,1,6,929002036341,0.06,,,,,,,,,,,,,,,,,108.0,,,,,,,,,,,,,,,,,,,,,,,,,,,,,,,,,
E26 [ Single Contact Medium Screw],Sí,15000.0,20000X,,820 [ CCT de 2.000 K],,300.0,Llamas,2000.0,66.0,<6,80.0,70 %,60 Hz,4.5,,,60 W,0.5,0.5,,0.7,120 V,,,,,55.0,Sí,Ámbar,Cristal,,A19 (A19),,,,,4.5A19/VIN/820/E26/CL/GL/DIM 4/FBH T20,46677556792,929001950933,1,4,929001950933,0.03,,,,,,,,,,,,,No,,,,40.0,,,,,,,,,,,,,,,,,,,,,,,,,,,,,,,,,
E26 [ Single Contact Medium Screw],Sí,15000.0,50000,CorePro,922-927 [ CCT de 2.200 K a 2.700 K],250 °,1600.0,Resplandor cálido (WG),,100.0,<4,90.0,70 %,60 Hz,16.0,,,100 W,0.5,0.5,,0.7,120 V,,,,,90.0,Sí,Esmerilado,Plástico,,A19 (A19),,,,,16A19/PER/927-22/P/E26/WG 6/1FB T20,46677561024,929002285504,1,6,929002285504,0.066,,,,,,,,,,,,,Energy Star,,,,135.0,,Sí,Sí,,,,,,,,,,,,,,,,,,,,,,,,,,,,,,
E26 [ Single Contact Medium Screw],Sí,15000.0,50000,,927 [ CCT de 2.700K],220 °,800.0,Blanco cálido (WW),2700.0,90.0,<4,90.0,70 %,60 Hz,8.8,,,60 W,0.5,0.5,,0.7,120 V,,,,,95.0,No,Esmerilado,,,A19 (A19),,,,,8.8A19/AMB/927/ND D2D 6/1FB T20,8718699749491,929002333611,1,6,929002333611,0.06,,,,,112185.0,871869974949100.0,8.8A19/AMB/927/ND D2D 6/1FB T20,,,,,,,,,,74.0,,,,,,,,,,,,,,,,,,,,,,,,,,,,,,,,,
E27 [ E27],Sí,15000.0,50000,,827 [ CCT de 2.700 K],150 °,1521.0,Blanco cálido (WW),2700.0,117.0,<6,80.0,70 %,50 a 60 Hz,13.0,,,100 W,0.5,0.5,,0.7,100-240 V,,,,,55.0,No,Esmerilado,,,G30,,,,,LEDGlobe13-100W G30 E27 WW W ND MX,8718696789087,929002441891,1,4,929002441891,0.112,,,,,,871869678908700.0,,,,,,,,,,,205.0,,,,,,,,,,,,,,,,,,,,,,,,,,,,,,,,,
E27 [ E27],Sí,15000.0,50000,,865 [ CCT de 6.500 K],150 °,1521.0,Luz de día fría,6500.0,117.0,<6,80.0,70 %,50 a 60 Hz,13.0,,,100 W,0.5,0.5,,0.7,100-240 V,,,,,55.0,No,Esmerilado,,,G30,,,,,LEDGlobe13-100W G30 E27 CDL W ND MX,8718696789100,929002441991,1,4,929002441991,0.112,,,,,,871869678910000.0,,,,,,,,,,,205.0,,,,,,,,,,,,,,,,,,,,,,,,,,,,,,,,,
E27 [ E27],Sí,15000.0,50000,,865 [ CCT de 6.500 K],150 °,450.0,Luz de día fría,6500.0,75.0,<6,80.0,70 %,50 a 60 Hz,6.0,,,40 W,0.5,0.5,,0.5,100-130 V,,,,,85.0,No,Esmerilado,,,A19 (A19),,,,,Standard 6A19/LED/865/FR/P/ND 1PF/6 NL,8718699702755,929002312223,1,6,929002312223,0.06,,,,,,871869970275500.0,,,,,,,,,,,85.0,,,,,,,,,,,,,,,,,,,,,,,,,,,,,,,,,
E27 [ E27],Sí,25000.0,50000,,865 [ CCT de 6.500 K],150 °,1800.0,Luz de día fría,6500.0,100.0,<6,80.0,70 %,50 a 60 Hz,18.0,,,125 W,0.5,0.5,,0.85,100-240 V,,,,,90.0,No,Esmerilado,,,A23 [ A 23 mm],,,,,Standard LEDBulb 18W E27 6500K W A23 1PF/6 MX,8719514254435,929002428342,1,6,929002428342,0.066,,,,,,871951425443500.0,,,,,,,,,,,170.0,,,,,,,,,,,,,,,,,,,,,,,,,,,,,,,,,
E27 [ E27],Sí,25000.0,50000,,865 [ CCT de 6.500 K],150 °,2300.0,Luz de día fría,6500.0,104.0,<6,80.0,70 %,50 a 60 Hz,22.0,,,125 W,0.5,0.5,,0.85,100-240 V,,,,,90.0,No,Esmerilado,,,A25 [ A 25 mm],,,,,Standard LEDBulb 22W E27 6500K W A25 1PF/6 MX,8719514254459,929002428442,1,6,929002428442,0.082,,,,,,871951425445900.0,,,,,,,,,,,210.0,,,,,,,,,,,,,,,,,,,,,,,,,,,,,,,,,
G24Q [ G24q],Sí,50000.0,50000,CorePro,840 [ CCT de 4.000 K],120 °,950.0,Blanco frío (CW),4000.0,111.0,<6,82.0,70 %,20000-100000 Hz,8.5,550.0,150.0,26 W,0.5,0.5,Tipo A: funciona en balastro,0.9,120 V,45.0,-20.0,65.0,-40.0,60.0,Sí,Esmerilado,Plástico,200.0,"Tubo, terminal simple",Sí,Sí,Sí,,8.5PL-C/T/COR/26H-840/IF9/P/4P/DIM 10/1,46677458393,929001388304,1,10,929001388304,0.082,,950.0,,Sí,458398.0,,8.5PL-C/T LED/26H-4000 IF 4P 10/1,,,,,,DLC Standard,,,,,,,,,Industrial,,,,,,,,,,,,,,,,,,,,,,,,,,,,
GX24q,Sí,50000.0,50000,CorePro,840 [ CCT de 4.000 K],120 °,1300.0,Blanco frío (CW),4000.0,123.0,<6,82.0,70 %,20000-100000 Hz,10.5,550.0,150.0,26 W,0.5,0.5,Tipo A: funciona en balastro,0.9,120 V,45.0,-20.0,65.0,-40.0,60.0,Sí,Esmerilado,Plástico,100.0,"Tubo, terminal simple",Sí,Sí,Sí,,10.5PL-C/T/COR/26V-840/IF13/P/4P/DIM10/1,46677458430,929001388704,1,10,929001388704,0.091,,1300.0,,Sí,458430.0,,10.5PL-C/T LED/26V-4000 IF 4P 10/1,,,,,,DLC Standard,,,,,,,,,Industrial,,,,,,,,,,,,,,,,,,,,,,,,,,,,
2G11 [ 2G11],Sí,50000.0,50000,CorePro,840 [ CCT de 4.000 K],160 °,2300.0,Blanco frío (CW),4000.0,139.0,<6,82.0,70 %,40000-160000 Hz,16.5,400.0,200.0,40 W,0.5,0.5,Tipo A: funciona en balastro,0.9,70-110 V,45.0,-20.0,65.0,-40.0,75.0,No,Esmerilado,Plástico,580.0,"Tubo, terminal simple",Sí,Sí,Sí,,16.5PL-L/COR/22-840/IF23/P/4P/DIM 10/1,46677532918,929001893704,1,10,929001893704,0.17,,,,,532911.0,,,,,,,,DLC Standard,,,,,,,,,,,,,,,,,,,,,,,,,,,,,,,,,,,,,
G4 [ G4],Sí,15000.0,50000,,830 [ CCT de 3.000 K],,100.0,Blanco (WH),3000.0,100.0,<6,80.0,70 %,- Hz,1.0,,,10 W,0.5,0.5,,0.5,12 V,,,,,51.0,No,,,,Cápsula,,,,,1T3/G4/830/ND/12V 6/1PF,46677567187,929001844023,1,6,929001844023,0.004,,,,,,,,,,,,,No,,,,140.0,,,,,,,,,,,,,,,,,,,,,,,,,,,,,,,,,
E27 [ E27],Sí,15000.0,50000,,830 [ CCT de 3.000 K],150 °,350.0,Blanco (WH),3000.0,87.0,<6,80.0,70 %,50 a 60 Hz,4.0,,,40 W,0.5,0.5,,0.4,100-240 V,,,,,60.0,No,Esmerilado,,,G16.5 [ G16.5],,,,,LED 4W E27 3000K100-240V G16.5 3PK THD,50046677546507,929002037241,1,6,929002037241,0.024,,,,,,,,,,,,,,,,,65.0,,,,,,,,,,,,,,,,,,,,,,,,,,,,,,,,,
E27 [ E27],Sí,15000.0,50000,,830 [ CCT de 3.000 K],150 °,350.0,Blanco (WH),3000.0,87.0,<6,80.0,70 %,50 a 60 Hz,4.0,,,40 W,0.5,0.5,,0.4,100-240 V,,,,,60.0,No,Esmerilado,,,G16.5 [ G16.5],,,,,LEDBulb 4W E27 3000K 100-240VG16.5 MX,8719514254091,929002037273,1,10,929002037273,0.022,,,,,,871951425409100.0,,,,,,,,,,,,,,,,,,,,,,,,,,,,,,,,,,,,,,,,,,,,
E27 [ E27],Sí,15000.0,50000,,865 [ CCT de 6.500 K],150 °,350.0,Luz de día fría,6500.0,87.0,<6,80.0,70 %,50 a 60 Hz,4.0,,,40 W,0.5,0.5,,0.4,100-240 V,,,,,60.0,No,Esmerilado,,,G16.5 [ G16.5],,,,,LED 4W E27 6500K100-240V G16.5 3PK THD,50046677546514,929002037341,1,6,929002037341,0.024,,,,,,,,,,,,,,,,,65.0,,,,,,,,,,,,,,,,,,,,,,,,,,,,,,,,,
E27 [ E27],Sí,15000.0,50000,,865 [ CCT de 6.500 K],150 °,350.0,Luz de día fría,6500.0,87.0,<6,80.0,70 %,50 a 60 Hz,4.0,,,40 W,0.5,0.5,,0.4,100-240 V,,,,,60.0,No,Esmerilado,,,G16.5 [ G16.5],,,,,LEDBulb 4W E27 6500K 100-240VG16.5 MX,8719514254114,929002037373,1,10,929002037373,0.022,,,,,,871951425411400.0,,,,,,,,,,,,,,,,,,,,,,,,,,,,,,,,,,,,,,,,,,,,
E26 [ Single Contact Medium Screw],Sí,15000.0,20000X,,820 [ CCT de 2.000 K],,350.0,Llamas,2000.0,70.0,<6,80.0,70 %,60 Hz,5.0,,,40 W,0.5,0.5,,0.7,120 V,,,,,52.0,Sí,Ámbar,Cristal,,ST19,,,,,5ST19/VIN/820/E26/CL/GL/DIM 4/1FBH T20,46677556808,929001951033,1,4,929001951033,0.03,,,,,,,,,,,,,No,,,,50.0,,,,,,,,,,,,,,,,,,,,,,,,,,,,,,,,,
E27 [ E27],Sí,15000.0,50000,,865 [ CCT de 6.500 K],120 °,1000.0,Luz de día fría,6500.0,100.0,<1,80.0,70 %,50 a 60 Hz,10.0,,,75 W,0.5,0.5,,0.9,100-240 V,,,,,,No,Esmerilado,,,Forma de T,,,,,TBulb LEDBulb 10W E27 6500K W 1CT/6 LAT,8718699647117,929001978811,1,6,929001978811,0.12,,,,,112037.0,871869964711700.0,TBulb LEDBulb 10W E27,,,,,,,,,,,,,,,,,,,,,,,,,,,,,,,,,,,,,,,,,,,
E12 [ Candelabra Screw],Sí,15000.0,20000,,827 [ CCT de 2.700 K],,500.0,Blanco cálido (WW),2700.0,111.0,<6,80.0,70 %,60 Hz,4.5,,,40 W,0.5,0.5,,0.5,120 V,,,,,55.0,No,Transparente,,,B11 [ B 35 mm],,,,,LEDClassic 4.5W B11 E12 827 CL ND 1PF/10,46677558772,929002355142,1,10,929002355142,0.014,,,,,,,,,,,,,,,,,75.0,,,,,,,,,,,,,,,,,,,,,,,,,,,,,,,,,
E12 [ Candelabra Screw],Sí,15000.0,20000,,827 [ CCT de 2.700 K],,500.0,Blanco cálido (WW),2700.0,111.0,<6,80.0,70 %,60 Hz,4.5,,,40 W,0.5,0.5,,0.5,120 V,,,,,55.0,No,Transparente,,,B12,,,,,LEDClassic 4.5W B11 E12 827 CL ND 3CT/10,50046677560374,929002355172,1,10,929002355172,0.015,,,,,,,,,,,,,,,,,75.0,,,,,,,,,,,,,,,,,,,,,,,,,,,,,,,,,
E27 [ E27],Sí,15000.0,20000,,827 [ CCT de 2.700 K],,500.0,Blanco cálido (WW),2700.0,111.0,<6,80.0,70 %,60 Hz,4.5,,,40 W,0.5,0.5,,0.5,120 V,,,,,55.0,No,Transparente,,,B11 [ B 35 mm],,,,,LEDClassic 4.5W B11 E27 827 CL ND 1PF/10,46677558789,929002355242,1,10,929002355242,0.01,,,,,558783.0,,,,,,,,,,,,75.0,,,,,,,,,,,,,,,,,,,,,,,,,,,,,,,,,
E27 [ E27],Sí,15000.0,20000,,827 [ CCT de 2.700 K],,500.0,Blanco cálido (WW),2700.0,111.0,<6,80.0,70 %,60 Hz,4.5,,,40 W,0.5,0.5,,0.5,120 V,,,,,55.0,No,Transparente,,,B12,,,,,LEDClassic 4.5W B11 E27 827 CL ND 3CT/10,50046677560381,929002355272,1,10,929002355272,0.015,,,,,,,,,,,,,,,,,75.0,,,,,,,,,,,,,,,,,,,,,,,,,,,,,,,,,
E14 [ E14],Sí,15000.0,20000,,827 [ CCT de 2.700 K],,500.0,Blanco cálido (WW),2700.0,111.0,<6,80.0,70 %,60 Hz,4.5,,,40 W,0.5,0.5,,0.5,120 V,,,,,55.0,No,Transparente,,,B11 [ B 35 mm],,,,,LEDClassic 4.5W B11 E14 827 CL ND 1PF/10,46677558802,929002355442,1,10,929002355442,0.01,,,,,558809.0,,,,,,,,,,,,75.0,,,,,,,,,,,,,,,,,,,,,,,,,,,,,,,,,
,Sí,,,,,,,,,,,,,,,,,,,,,,,,,,,,Sí,,,,,,,,,Master LEDstrip 16.6W930 1830LM/M 5M,8719514344587,929002697602,1,10,929002697602,0.1,,,,,,871951434458700.0,,Marca CE,,F,,620731.0,,,,,,,,,,,No,"depende del controlador (1 a 10 V, DALI…)","Cable de 0,3 m sin enchufe",Clase de seguridad III,"Temperatura de 650 ºC, duración de 30 s",5 años,Sí,-,24.0,67.0,0.0,1.0,5000.0,8.0,1.3,IP20 [ Protección para los dedos],IK00 [ Sin protección],1830.0,+/-10%,110.0,3000.0,80.0,"(0.4338, 0.403) 3SDCM",67.0,+/-10%,60000.0,-20 a +40 °C,"10 % (depende del regulador de intensidad, ELV)"
,Sí,,,,,,,,,,,,,,,,,,,,,,,,,,,,Sí,,,,,,,,,Master LEDstrip 21.3W930 2400LM/M 5M,8719514344662,929002698002,1,10,929002698002,0.1,,,,,,871951434466200.0,,Marca CE,,F,,620717.0,,,,,,,,,,,No,"depende del controlador (1 a 10 V, DALI…)","Cable de 0,3 m sin enchufe",Clase de seguridad III,"Temperatura de 650 ºC, duración de 30 s",5 años,Sí,-,24.0,81.0,0.0,1.0,5000.0,8.0,1.3,IP20 [ Protección para los dedos],IK00 [ Sin protección],2400.0,+/-10%,112.0,3000.0,80.0,"(0.4338, 0.403) 3SDCM",81.0,+/-10%,60000.0,-20 a +40 °C,"10 % (depende del regulador de intensidad, ELV)"
,Sí,,,,,,,,,,,,,,,,,,,,,,,,,,,,Sí,,,,,,,,,Master LEDstrip 21.3W940 2500LM/M 5M,8719514344686,929002698102,1,10,929002698102,0.1,,,,,,871951434468600.0,,Marca CE,,F,,620698.0,,,,,,,,,,,No,"depende del controlador (1 a 10 V, DALI…)","Cable de 0,3 m sin enchufe",Clase de seguridad III,"Temperatura de 650 ºC, duración de 30 s",5 años,Sí,-,24.0,81.0,0.0,1.0,5000.0,8.0,1.3,IP20 [ Protección para los dedos],IK00 [ Sin protección],2500.0,+/-10%,117.0,4000.0,80.0,"(0.3818, 0.3797) 3SDCM",81.0,+/-10%,60000.0,-20 a +40 °C,"10 % (depende del regulador de intensidad, ELV)"
,,,,,,,,,,,,,,,,,,,,,,,,,,,,,,,,,,,,,,LS mounting clips IP20 50pcs EU,8719514354982,929003167602,1,12,929003167602,0.001,,,,,,871951435497500.0,,,,,,,,,,,,,,,,,,,-,,,,,,,,,,21.05,4.0,2.0,,,,,,,,,,,,,
,,,,,,,,,,,,,,,,,,,,,,,,,,,,,,,,,,,,,,LS corner connector IP20 50pcs EU,8719514355002,929003167702,1,6,929003167702,0.003,,,,,,871951435499900.0,,,,,,,,,,,,,,,,,,,"Cable de 0,3 m sin enchufe",,,,,,,,,,182.0,11.06,4.3,,,,,,,,,,,,,
,,,,,,,,,,,,,,,,,,,,,,,,,,,,,,,,,,,,,,LS tape-to-tape connector IP20 50pcs EU,8719514355026,929003167802,1,12,929003167802,0.001,,,,,,871951435501900.0,,,,,,,,,,,,,,,,,,,-,,,,,,,,,,16.2,11.06,4.3,,,,,,,,,,,,,
,,,,,,,,,,,,,,,,,,,,,,,,,,,,,,,,,,,,,,LS tape-to-wire connector IP20 50pcs EU,8719514355040,929003167902,1,6,929003167902,0.002,,,,,,871951435503300.0,,,,,,,,,,,,,,,,,,,"Cable de 0,3 m sin enchufe",,,,,,,,,,165.2,11.06,4.3,,,,,,,,,,,,,
,,,,,,,,,,,,,,,,,,,,,,,,,,,,,,,,,,,,,,U profile 1M accessory kit 60pcs,8719514450363,929003244002,1,1,929003244002,0.109,,,,,,871951445035600.0,,,,,,,,,,,,,,,,,,,,,,,,,,,,,1000.0,24.3,6.7,,,,,,,,,,,,,
,,,,,,,,,,,,,,,,,,,,,,,,,,,,,,,,,,,,,,U profile 2M accessory kit 30pcs,8719514450387,929003244102,1,1,929003244102,0.218,,,,,,871951445037000.0,,,,,,,,,,,,,,,,,,,,,,,,,,,,,2000.0,24.3,6.7,,,,,,,,,,,,,
