Largo cm,Diámetro cm,Color,Garantía proveedor,Tipo,Accesorios,Ancho cm,Material,Peso kg,Modelo,Potencia,Alto cm,Profundidad cm,Espesor mm,No. de piezas,Nivel de ruido dB,Tipo de sistema,Rendimiento / Área de cubrimiento,Montaje,Luz,Incluye foco focos,Tipo de socket,Smart,Paquete,Contenido del empaque,Kelvin k,Tipo de tecnología,Código de forma,Reemplazo (W) w,Forma,Acabado,Capacidad / Tamaño,Unidad de medida,Horas de vida,Tipo de corriente V,Flujo luminoso,Lúmenes lm,Tipo de foco,Consumo W,Lumenes lm,Voltaje,Atenuable,Tipo De Luz,Tipo de entrada,CRI (IRC),Angulo,Familia de color,Temperatura de color k,Watts,Interior / Exterior,Conexiones,Formato,No. De Luces,Legal,Empaque foco,Temperatura,Pantalla del producto,Exclusivo,Diseño,Tiempo estimado de entrega,Consumo de energía,Batería,Conexión a la red,WiFi,Sistemas operativos compatibles,Uso,Compatibilidad
10.0,2.5,Transparente,3 años,Flama,No,,Vidrio,0.052,154926,4 w W,10.0,,,,,,,,,,,,,,,,,,,,,,,,,,,,,,,,,,,,,,,,,,,,,,,,,,,,,,,
5.5,4.7,Transparente,5 años,Vela,No,7.5,Vidrio,0.025,929002091593,5.5 w W,17.1,4.7,0.0,1,,Eléctrico,60 w,Si,Cálida,,E26,No,1,1 foco,27.0,Led,B11,60.0,Vela,Brillante,500 l,C,15000,120.0,500,,Led,5.5,,120v,Si,Cálida,E26,80,300,Transparente,,,,,,,,,,,,,,,,,,,,
10.8,6.0,Verde,90 días en tienda,Para plantas,No,,Vidrio,0.04,A19/grow/ledg2/bx/mx,9 W,10.8,,,,,,,Si,Cálida,,,No,1,1 foco,,,,,,Brillante,10.8 x 6 cm,,25000,120.0,,,A19,,,,,,,,,,,,,,,,,,,,,,,,,,,,,
6.8,,Blanco,3 años,White and color ambiance,Hue bridge,,Silicón,1.0,929002226605,9.5,,11.2,,5,,LED,,,Blanca-color,,E26,Si,Paquete,,,,A19,,Estandar,Mate,,-,25000,130.0,800,,A19,9.0,,110-130v,Si,Colores,E26,90,,,,,,,,,,,,,,,,,,,,,,
7.5,4.3,Transparente,3 años,,No,,Vidrio,0.07,155804,2.5 w W,7.5,,,3,,Eléctrico,,Si,,,E12,,,3 piezas,270.0,,E12,,,Brillante,,,,120.0,,,G16.5,,,120v,,,,,,,270.0,40w,Ambos,,,,,,,,,,,,,,,,,
10.4,,Blanco,3 años,A19,No,,Plástico,0.088,929002312411,8 W,,5.8,,1,,Led,4 m2,Si,Fría,,E27,No,Individual,,65.0,,A19,,Estandar,Mate,,,15000,,,,Led,8.0,,110-130v,No,Fría,E27,80,150,,,,,Alámbrica,A19,,,,,,,,,,,,,,,
11.2,6.096,Blanco,90 Días en tienda,,,6.1,Plástico,0.36,Philips huew 9.5w a19 e26 2set us,9.5,11.2,6.1,,3,,Led,,,Cálida,,,,,2 focos hue white y hue bridge,,,,,,Mate,,,25000,,800,,A19,,,,,,,,,,27.0,,,,,2,Imagen ilustrativa. Precio incluye I.V.A.,,,,,,,,,,,,,
5.5,4.0,Plata,90 días en tienda,Led,No,7.5,Vidrio,0.046,929002043265,5.5 W,14.6,12.0,,1,,Eléctrico,,Si,Cálida,,E26,No,Individual,1 foco,3000.0,,Par16,,Reflector,Brillante,315 lúmenes,,25000,120.0,,,Par16,5.5,,120v,Si,Cálida,E26,80,40,,,,,1,Par16,,,,,,,,,,,,,,,
10.5,,Transparente,90 días en tienda,Automática,No,4.0,Plástico,0.042,Snsor,0.5 W,10.5,2.0,1.0,1,,Automático,,Si,,,,,,1 luz de noche con sensor,,,,,,Brillante,10.5 x 4 x 2 cm,,,120.0,,,Led,,,,,,,,,,,,,,,1,,,,,,,,,,,,,,
29.0,10.0,Blanco,2 años,Ahorrador,No,,Vidrio,0.29,Dulux el twist 80w/865,80,29.0,13.94,,1,,,,Si,Fría,,E40,No,,1 foco,,,,,,Semi brillante,29 x 10 cm,,10000,220.0,,5.0,Fluorescente,80.0,5.0,,,,,,,,,,,,,,,,6500,,,,,,,,,,,
250.0,,,,,,2500.0,,3.47,68-563060225ww-2,,,0.02,,,,,,,,,,,,,,,,,,,,,,,,,,,,,,,,,,,,,,,,,,,,,,,,,,,,,,
4.6,,Blanco,2 años,Mr16,No,,Plástico,0.028,929001874161,4.5 W,,5.0,,1,,,,No,Fría,,Gu5.3 es,No,Individual,,65.0,,Mr16,,Empotrable,Mate,,,15000,,400lm,,Led,4.5,,100-240v,No,Fría,Gu5.3,80,36,,,,,1,Mr16,,,,,,,,,,,,,,,
6.5,,Blanco,3 años,Gu5.3,No,,Plástico,0.03,929001874163,4.5 W,,14.6,,3,,,400 lumens,Si,Fría,,,No,Pack,,65.0,,Mr16,,Empotrable,Mate,,,15000,100.0,,,Led,4.5,,100-240v,No,Fría,Gu5.3,80,36,,,,,1,Mr16,,,,,,,,,,,,,,,
9.9,3.5,Transparente,90 días en tienda,N/a,No,,Vidrio,0.016,929002355472,4.5 w W,9.9,3.5,0.0,3,,Eléctrico,-,No,Cálida,,E14,No,Paquete,1 paquete con 3 focos,2700.0,Filamento,B11,40.0,Vela,Brillante,4.5 w,-,15000,120.0,,,Led,4.5,,120v,No,Cálida,E14,80,N/a,,,,,1,,,-,,,-,,,,,,,,,,
10.2,4.0,Blanco,2 años,Ahorrador,No,,Vidrio,0.038,Dulux el micro twist 13w/865,23,10.2,5.0,,,,,,Si,Fría,,E27,No,,1 empaque con 4 focos,,,,,,Semi brillante,,,10000,127.0,,1.0,Fluorescente,23.0,,,,,,,,,,,,,,,,,,,,,,,,,,,,
8.9,,N/a,3 años,,,4.8,Vidrio,0.019,929003068042,4.5 W,8.9,,,,,,,,Neutra fría,,,,,,,,,,,Transparente,,,15000,120.0,,,A15,,,,,,,,,,500.0,,,E27,,,,,,,,,,,,,,,,
,,,,,,,,,,,,,,,,,,,,,,,,,,,,,,,,,,,,,,,,,,,,,,,,,,,,,,,,,Exclusivo,,,,,,,,,
11.0,6.1,Blanco,3 años,Con sensor,No,6.1,Plástico,0.063,929002333611,8.8 W,11.0,6.1,,1,,Eléctrico,,Si,Cálida,,E26,,,1 foco,27.0,,,,,Mate,11 x 6.1 cm,,15000,120.0,,,Led,,,120v,,,E26,,,Blanco,,,Interior,,,1,,,,,,A19,,,,,,,,
10.59,,Blanco,5 años,,No,5.69,Plástico,0.045,B9a19a60wmxc01,60 w W,10.59,5.69,,1,,,,No,"Fría, neutra y cálida",,,No,Individual,,,,A19,,Estandar,Mate,,,,127.0,,,Led,,,,,,E27,,,,,,,,,,,,,,Exclusivo,,,,,,,,,
11.2,,Blanco,3 años,Hue,No,,Plástico,0.15,929002226701,7.5,,6.2,,1,,LED,-,,Blanca,,E26,Si,1,,,,A19,,Estandar,Brillante,800L,-,25000,,800,,LED,,,110-130v,Si,Fría a cálida,E26,90,,,,,,-,,,,,,-,,,,,,,,,,
5.5,5.0,Blanco,3 años,,No,,Plástico,0.023,158770,2.7 w W,5.5,,,6,,,,Si,Fría,,Gu10,,6,1 paquete con 6 focos,,,,,Circular,Brillante,,,,120.0,,,Mr16,,,,,Fría,,,,Blanco,,,,,,,,,,,,,,,,,,,,
8.4,6.29,Blanco,5 años,Par20,No,6.29,Plástico,0.04,A8pr20p50wmxd02,5.9 W,8.4,6.29,6.3,1,,Led,3 m2,No,Cálida,,Par20,No,Individual,,,,Par20,,Reflector,Mate,60 hz,,15000,127.0,,,Led,5.5,,,,,E27,,,,,,,Alámbrica,Par20,,,,,Blíster,Exclusivo,,,,,,,,,
12.0,6.7,Transparente,3 años,Clásico,No,6.7,Cristal,0.13,929002355042,4.5 - 8 w W,12.0,6.7,0.0,1,,Eléctrico,-,Si,Cálida,,E27,No,1,1 foco,2700.0,Filamento,A19,,Gota,Brillante,8 w,-,15000,120.0,800 lm,,Led,8.0,,120v,No,Cálida,E27,80,N/a,Transparente,,,,1,,,-,,,-,,,,,,,,,,
204.0,,Blanco,3,T8,,2.0,Plastico,0.54,466169,60 W,,,,1,,,,,,,,,Individual,,,,,,,,,,36000,,,,Led,26.0,,,,,,,,,,,,,T8,,,,,,,,,,,,,,,
10.0,6.3,Rojo,3 años,N/a,No,,Plástico,0.06,929001998471,8 w W,10.0,6.3,,1,,N/a,3 m2,Si,Cálida,,E27,No,1,1 foco,,Led,A19,60.0,N/a,N/a,,,10000,120.0,,,Led,8.0,,120v,No,Cálida,E27,80,120,,,,,Alámbrica,A19,,,,,,,,,,,,,,,
9.8,3.2,Café,3 meses,Decorativo,No,,Vidrio,0.008,40cft/2/mx,,9.8,,,2,,Eléctrico,,Si,Luz cálida,,,No,,2 focos,21.0,,,,Vela,Semi mate,,,,120.0,,,Incandescente,,,,Si,,,,,,,,,,,,,,,,,,,,,,,,,
11.8,,Blanco,3 años,A19,No,,Plástico,0.141,929002265411,8.8,,7.0,,1,,LED,-,Si,Cálida a fría,,E26,Si,Individual,,,,A19,,Estandar,Mate,8.8 w,-,25000,120.0,800,,LED,8.0,,120v,Si,Fría a cálida,E26,90,220,,,,,-,,,Garantía en piezas y componentes con vigencia de 9,,,-,,,,,,,,,,
11.7,,Transparente,3 años,,No,7.7,Vidrio,0.134,142702,3 W,11.7,7.7,,2,,,,Si,Blanca,,,,,,,,,,,Brillante,,,15000,120.0,,,,,,,,,,,,,,,,,,,,,,,,,,,,,,,,
13.4,6.0,Transparente,3 años,,No,,Vidrio,0.1,155807,2.5 w W,13.4,,,2,,Eléctrico,,,,,E26,,,2 piezas,500.0,,St19,,,Brillante,,,,120.0,,,St19,,,120v,,Fría,,,,,500.0,40w,Ambos,,,,,,,,,,,,,,,,,
11.0,5.0,Blanco,3 años,A19,No,27.0,Plástico,0.68,Esa1960dld10,9 W,11.0,11.0,,10,,,,No,Fría,,E26,No,,,,,,,,Mate,,,10000,127.0,,,Led,,,,,,,,,,,,,,,,,,,,Exclusivo,,,,,,,,,
14.6,5.3,Plata,3 años,Led,No,,Vidrio,0.063,929002055861,6 w W,14.6,,,1,,Eléctrico,,Si,Fría,,Gu10,No,,,,,,,,Brillante,6 w,Wats,15000,120.0,400,,Mr16,6.0,,,,,,,,,,,,1,,,Garantía en piezas y componentes con vigencia de 9,,,,,,,,,,,,,
5.0,5.0,Blanco,3 años,,No,5.0038,Plástico,0.02,159437,3.5 w W,5.0,,,3,,Eléctrico,,No,,,Gu5.3,,,,,,,,,Mate,0.020865,,15000,,,,Led,,,100-240v~,,Cálida,,,,,,,,,,,,,,,,,,,,,,,,
10.8,,Blanco,90 días en tienda,Led,No,6.0,Plástico,0.06,13a19/led/830/fr/p/nd 1bc/6 mx,13 W,10.8,6.0,,2,,Eléctrico,4 m2,No,Cálida,,E27,No,Si,1 empaque con 2 focos,30.0,,A19,1.0,Estandar,Mate,-,-,15000,130.0,1310,1.0,A19,12.0,1.0,100-130v,No,Cálida,E27,80,150,,,,,1,-,,Imagen ilustrativa. precio incluye i.v.a.,,,-,,,-,,,,,,,
5.3,5.0,Plata,90 días en tienda,Spot,No,0.0,Vidrio,0.18,929001266583,6 W,5.3,5.0,0.1,1,,Eléctrico,,Si,Fría,,Gu10,No,Paquete,1 empaque con 3 focos,5000.0,,Par16,,Reflector,Brillante,,,15000,120.0,,,Led,6.0,,120v,Si,Fría,Gu10,80,35,,,,,120v,Mr16,,,,,,,,,,,,,,,
2.8,2.8,Blanco,3 años,T8,No,121.2,Vidrio,0.215,929001939611,16 w W,2.8,2.8,0.0,1,,Eléctrico,,Si,Fría,,G13,No,1,1 foco,65.0,Led,T8,36.0,Cilíndrico,Brillante,1.2m,,15000,220.0,1600,1.0,Led,16.0,1.0,110-220v,No,Fría,G13,80,240,Blanco,65.0,,,,T8,,,,,,,,,,,,,,,
14.3,,Blanco,3 años,Efecto disco,No,,Plástico,0.208,9.3e+11,5 W,,,,1,,,,Si,"Azul, rojo y verde",,E27,No,Individual,,,,Disco,,N/a,Mate,,,6000,,,,Led,5.0,,110-130v,No,Colores,E27,80,150,,,,,,,,,,Na,,,,,,,,,,,
13.6,0.0,Ambar,5 años,,No,6.4,Plastico,0.0,929002986903,6.5 W,19.5,6.4,0.0,,,,,,Calida vintage,,,,Individual,1 foco,20.0,,St19,,St19,Claro,,,15000,120.0,400,,,60.0,,,Si,,E26,80,N/a,Luz calida tipo vintage,200.0,,Interior,,,,,1.0,,,,,,6.5,,,,,,
11.8,,Blanco,3 años,A19,No,,Plástico,0.141,929002383306,60,,,,1,,LED,-,Si,Cálida,,E26,Si,Individual,,,,A19,,Estandar,Mate,8.8 w,-,25000,130.0,800,,A19,8.0,,120v,Si,Colores,E26,90,220,,,,,1,,,,,,-,,,,,,,,,,
10.31,0.0,Ambar,5 años,,No,3.2,Vidrio,0.0,929002987403,,14.6,3.2,0.0,,,,,,Luz calida vintage,,,,1 foco,1 foco,20.0,,T10,2.0,,Vintage,,,15000,,225 lm,,,25.0,,,Si,,E26,80,N/a,,,,Interior,,,,,1.0,,,,,,3.5,,,,,,
4.5,5.0,Blanco,3 años,,No,,Plástico,0.022,158760,2.7 w W,4.5,,,1,,,,Si,Cálida,,Gu5.3,,1,1 foco,,,,,Circular,Brillante,,,,120.0,,,Mr16,,,,,,,,,Blanco,,,,,,,,,,,,,,,,,,,,
17.0,,Negro,2 años,,,8.8,Acero inoxidable,1.5,Ol045hm,,,6.0,,,,,,,Calida,,N/a,,,,,,,,,Mate,,,,,,,Led,,,,,,,,,,,,,,,,,,,,,,,,,,,,,
13.0,,Transparente,3 años,Vintage,No,,Vidrio,0.035,929002265811,5 w,,7.0,,1,,LED,-,Si,Cálida,,E26,Si,Individual,1 Foco,27.0,,A19,,Estandar,Brillante,5 w,-,15000,120.0,450,,A19,,,120v,Si,Cálida,E26,90,220,,,,,-,,,,,,-,,,,,,,,,,
13.8,,Plástico,3 años,,,7.7,Plástico,0.09,929002449306,14.5,13.8,,,,,,,,"Colores, fría y cálida",,,,,,,,,,,Transparente,,,15000,120.0,,1.0,A19,,1.0,,,,,,,,,,,,,,,,,,,,,,,,,,,
11.6,5.2,Blanco,2 años,Ahorrador,No,,Vidrio,0.057,Dulux el micro twist 23 w/830,23,11.6,6.0,,,,,,Si,Cálida,,E27,No,,1 foco,,,,,,Brillante,11.6 x 5.2 cm,,12000,127.0,,1.0,Fluorescente,23.0,,,,,,,,,,,,,,,,,3000 K,,,,,,,,,,,
13.4,6.3,Ámbar,3 años,St64,No,0.0,Vidrio,0.112,929001941648,35 W,13.4,7.0,0.0,2,,Led,35 w,Si,,,,No,Pack,1 empaque con 2 focos,2500.0,,St64,,N/a,Brillante,4w,,15000,,400,,Led,4.0,,100-240v,No,Cálida,E27,80,280,,,,,,St64,,,,,,,,,,,,,,,
8.5,28.0,Blanco,3 años,Plafón,Si,28.0,Acrílico,0.6,P-3125-ld,12 W,8.5,8.0,,1,,,20 m2,Si,Cct,,Led,,,1 lámpara,,,,,,Brillante,28 cm,Pieza,20000,127.0,,1.0,Led,,1.0,,,,,,,,,,,,,1,3 años de garantia.,,Cct,Acrílico,,,,,,,,,,
5.2,5.2,Blanco,2 años,Ahorrador,No,,Vidrio,0.02,Dulux el twist 20w/827,20,11.0,6.0,,1,,,,Si,Cálida,,E27,No,,1 foco,,,,,,Semi brillante,11 x 5.2 cm,,10000,127.0,,1.0,Fluorescente,20.0,1.0,,,,,,,,,,,,,,,,2700,,,,,,,,,,,
2.85,2.8,Blanco,3 años,T8,No,121.4,Vidrio,0.215,929003561411,16 w W,18.0,2.8,0.0,1,,Eléctrico,,Si,Neutra,,G13,No,1,,40.0,,T8,,Tubo,Brillante,1.2m,,15000,240.0,1600,1.0,T8,16.0,1.0,110-220v,No,Fría,G13,80,240,,40.0,,,,T8,,,,,,,,,,,,,,,
11.5,,Blanco,1 año,,,13.0,Plástico,0.9,Lc1345,,11.5,,,,,,,,,,,Siios y android,,,,,,,,Brillante,,,,,,,,,,,,,,,,,,,,,,,,,,,,,,10w,No,Si,Si,,,
11.1,5.52,Blanco,3 años,A19,No,27.68,Plástico,0.68,Esa1960swnd10,9 W,11.1,11.81,,10,,,,No,Fría,,E26,No,,1 empaque con 10 focos,,,,,,Mate,,,10000,120.0,,,Led,,,,,,,,,,,,,,,,,,,,Exclusivo,,,,,,,,,
7.5,,Cromo,2,,,36.5,Vidrio y metal,1.59,20300061021,,6.5,,,,,,,,Led,,N/a,,,,,,N/a,,,Pulido,,,,,,,N/a,,1.0,,No,Led,N/a,,,,,,,,,,,,,,,,,,,,,,,
11.4,3.9,Blanco,90 días en tienda,,No,,Vidrio,0.05,929002294301,6,11.4,,,1,,Hue,,,Dimeable,,E12,Si,Individual,1 foco,,Led,B39,40.0,Vela,Mate,,,25000,,,,Led,,,,Si,,E12,,,Blanco,,,,,,1,,,,,,Moderno,,,,,,,,
13.5,5.2,Blanco,3 años,Led,No,5.2,Plástico,0.454,Esmr1650120v303,6 w W,13.5,5.2,,1,,,,Si,Blanca,,Gu5.3,No,Paquete,,,,Mr16,,Empotrable,Mate,,,25000,120.0,,,Mr16,,,,,,Gu10,,,,,,,1,,,,,,,Exclusivo,,,,,,,,,
10.0,4.0,Blanco,2 años,Ahorrador,No,,Vidrio,0.036,Dulux el micro twist 13w/827,13,10.0,4.0,,5,,,,Si,Cálida,5.0,E27,No,Si,1 empaque con 5 focos,,,,,,Semi brillante,,,10000,127.0,,,Fluorescente,13.0,,,,,,,,,,,,,,,,,,,,,,,,,,,,
11.199,,Blanco,3 años,,,5.999,Polipropileno,0.072,86277,7.5 W,11.199,5.999,,,,,,,Multicolor,,,,1,,,,A,6.0,,Mate,,,15000,,600 lm,600.0,,7.5,600.0,,No,,E27,80,Omnidireccional,,,,Interior,,,,"Ledvance, s.a. de c.v. otorga una garantía de 3 añ",,,,,,,7.5w,,,,,,
,,Blanco,,,,3.5052,,,,,9.906,3.5052,,2,,,,,,,,,,,270.0,,G25,,,,,,,,,,,,,120v,,,,,,,270.0,60w,Ambos,,,,,,,,,,,,,,,,,
10.5,6.0,Amarillo,5 años,Vintage,No,,Vidrio,0.029,929001950933,4.5 w W,10.5,,,1,,,,Si,Cálida,,E26,No,Individual,1 foco,20.0,,A19,,Estandar,Brillante,10.5 x 6 cm,,15000,120.0,300,,Led,4.5,,120v,Si,Cálida,E26,80,N/a,Amarillo,,,,,,1,,,,,,A19,-,,,,,,,
5.0,4.8,Blanco,3 años,Mr16,No,,Plástico,0.454,Esmr1650120v303,6 W,5.0,5.2,,3,,,,No,Cálida,,Gu5.3,No,Paquete,1 empaque con 3 focos,,,Mr16,,Empotrable,Mate,,,25000,120.0,,,Led,,,,,,Gu5.3,,,,,,,,,,,,,,Exclusivo,,,,,,,,,
6.0,5.0,Blanco,3 años,Omnidireccional,No,,Aluminio,0.024,146373,5.5 w W,6.0,,,1,,,,Si,,,,Si,,1 foco,,,,,,Semi brillante,,,25000,127.0,,,Mr16,,,,,,,,,,,,,,,,,,,,,,,,,,,,,
15.0,,Blanco,2 años,Para tira de luz,,4.5,Plástico,0.111,7014780,30 W,15.0,3.0,,1,,Eléctrico,,Si,-,,,No,,1 controlador eléctrico,,,,,,Mate,,,20000,110240.0,,,-,,,,,,,,,,,,,,,,,,,,,,,,,,,,,
7.6,,Negro,2 años,,,12.0,Acero inoxidable,1.5,Ol030hm,,22.5,21.5,,,,,,,Calida,,N/a,,,,,,,,,Mate,,,,,,,Led,,,,,,,,,,,,,,,,,,,,,,,,,,,,,
6.5,,Blanco,1 año,,,6.5,Plástico,0.04,Lc1192,,11.5,,,,,,,,,,,Si,,,,,,,,Brillante,,,,12.0,,,,,,,,,,,,,,,,,,,,,,,,,,10w,No,,Si,Ios y android,,
304.8,,Blanco,,,,1.7,Silicona,,929002422902,,,,,,,,,,Multicolor gradiente,,,,,,,,,,,,,,25000,,,,,,,,,,,,,,,,,,,,,,,,,,,,,,,,,
6.0,1.4,Naranja,3 años,N/a,No,,Vidrio,0.006,929002326841,4 w W,6.0,1.4,0.0,1,,Eléctrico,40w,Si,Cálida,,G9,No,Individual,1 foco,2700.0,Led,N/a,40.0,Cápsula,Mate,4w,,10000,,370,,Led,4.0,,120-127v,No,Cálida,G9,80,N/a,Naranja,,,,,,,,,,,,,,,,,,,,
13.7,8.5,Transparente,90 días en tienda,St19,No,8.5,Cristal,,929002266211,,,8.5,,1,,Eléctrico,-,Si,Cálida,,,Si,Na,1 foco,,,Na,,,Brillante,4,,15000,120.0,350,,Led,,,,Na,Na,Na,Na,Na,,,,,1,-,,Garantía en piezas y componentes con vigencia de 9,,,-,,,,,,,,,,
11.1,4.6,Transparente,3 años,Vela,No,4.6,Cristal,0.038,929002355142,4.5 w W,11.1,4.6,0.0,1,,Eléctrico,-,Si,Cálida,,E12,No,1,1 foco,2700.0,Filamento,B11,40.0,Vela,Brillante,4.5 w,-,15000,120.0,500,,Led,4.5,,120v,No,Cálida,E12,80,N/a,,,,,1,,,-,,,-,,,,,,,,,,
10.0,,Blanco,90 días en tienda,"""t""",No,,Plástico,0.18,144956,18.5 W,18.0,,,,,,,Si,Fría,,E27,-,,1 foco,,,,,,Mate,,,25000,,,2.0,Led,,,,,,,,,,,18.5,,,,,,,,,,,,,,,,,,
9.5,,N/a,3 años,,,3.5,Vidrio,0.01,929003068248,4.5 W,9.5,,,3,,,,,Neutra fría,,,,,,,,,,,Transparente,,,15000,120.0,,,B11,,,,,,,,,,500.0,,,E27,,,,,,,,,,,,,,,,
5.3,5.0,Plata,90 días en tienda,N/a,Si,,Plástico,0.042,929001266441,6 w W,5.3,5.0,,1,,Eléctrico,4 m2,Si,Cálida,,Gu10,No,1,1 foco,,,,,,Brillante,315 l,,15000,120.0,,,Led,6.0,,,,,,,,,,,,1,Mr16,,,,,,,,,,,,,,,
12.7,9.52,Verde,90 días en tienda,Bombilla,No,9.52,Plástico,,Br30/grow/ledg2/mex,9 W,12.7,9.52,,1,,,,Si,Fría,,E26,-,,1 foco,,,,,,Semi mate,,,25000,120.0,,,Led,,,,,,,,,,,,,,,,,,,,,,,,,,,,,
11.0,4.0,Transparente,3 años,,No,,Acrílico,0.034,154911,,11.0,,,2,,Eléctrico,,Si,Cálida,,E12,No,,1 paquete con 2 focos,2700.0,,,,Vela,Mate,,,,127.0,,,Led,,,,No,,,,,,,,,,,,,,,,,,,,,,,,,
5.5,5.0,Blanco,3 años,,No,,Plástico,0.023,158769,2.7 w W,6.0,,,6,,,,Si,Cálida,,Gu10,,6,1 paquete con 6 focos,,,,,Circular,Brillante,,,,120.0,,,Mr16,,,,,Cálida,,,,Blanco,,,,,,,,,,,,,,,,,,,,
1.0,,Blanco,3 años,Smart,No,,Plástico,0.042,146374,9 W,1.0,,,1,,Wi-fi,,Si,Dimeable,,E26,,,1 foco,,,,,,Semi brillante,11.5 x 6 cm,,25000,127.0,,,Led,,,,,,,,,,,,,,,,,,,,,,,,,,,,,
9.0,3.5,Blanco,3 años,Vela,No,,Vidrio,0.016,154921,4 w W,9.0,,,3,,Eléctrico,,Si,Fría,,E26,,,1 empaque con 3 focos,,,,,,Mate,9 x 3.5 cm,,15000,120.0,420,,Led,,,,,,,,,Blanco,,,,,,,,,5000 k,,,,,,,,,,,
14.2,,Transparente,3 años,G25,No,,Vidrio,0.047,929002266011,3.5 w,,10.5,,1,,Eléctrico,-,Si,Cálida,,G25,Si,Individual,,27.0,,G25,,Globo,Brillante,4 w,-,15000,120.0,350,,LED,3.0,,120v,Si,Cálida,E26,90,220,,,,,1,,,,,,-,,,,,,,,,,
5.4,,Gris,3 años,,,5.0,Plástico,0.06,,6 w W,5.4,,,,,,,,Fría,,,,,,,,,,,Brilloso,,,,120.0,,,Par16,,,,,Fría,,,,,,,-,,,,,,,,,,,,,,,,,
9.9,3.5,Transparente,3 años,Filamento,No,3.5,Vidrio,0.016,929002355172,4.5 w W,9.9,3.5,0.0,3,,Led,-,Si,Cálida,,E12,No,Paquete,1 caja con 3 focos,27.0,,B11,,Vela,Brillante,4.5 w,-,15000,120.0,500,,Led,4.5,,120v,No,Cálida,E12,80,N/a,,2700.0,,,-,,,-,,,-,,,,,,,,,,
13.75,7.5,Blanco,15 años,De emergencia,No,,Plástico,0.15,9.3e+11,7.5 w W,13.75,7.5,0.0,1,,Eléctrico,,No,Fría,,E27,No,Individual,1 foco,65.0,Led,A67,60.0,Gota,Mate,7 w,Wats,15000,240.0,600,,Led,7.5,,110-240v,No,Fría,E27,80,150,Blanco,65.0,,,,,,,,,,,,,,,,,,,
10.1,,Blanco,3 años,A19,No,,Plástico,0.598,929002312494,110-130 v W,,5.5,0.0,8,,Led,,,Fría,,E26,No,Paquete,,65.0,,A19,,Estandar,Mate,8w,,15000,127.0,,,Led,8.0,,100-130v,No,Fría,E27,80,150,,,,,,,,,,,,,,,,,,,,,
11.1,6.2,Blanco,90 días en tienda,A19,No,,Plástico,0.062,9.3e+11,9.5 w W,11.1,6.2,0.0,1,,Eléctrico,,Si,Fría,,E26,No,Individual,1 foco,2700.0,Led,A19,60.0,Gota,Mate,9.5 w,Wats,15000,120.0,800,,Led,9.5,,120v,No,Cálida,E26,80,N/a,Blanco,27.0,,,,,,,,,,,,,,,,,,,
10.59,,Blanco,5 años,,No,5.99,Plástico,0.045,B9a19a60wmxs01,60 w W,10.59,5.99,,1,,,,No,Cálida,,,No,Individual,,,,A19,,Estandar,Mate,,,15000,127.0,,,Led,,,,,,E27,,,,,,,,,,,,,,Exclusivo,,,,,,,,,
22.7,7.8,Blanco,2 años,Ahorrador,No,,Vidrio,0.124,Dulux el twist 45 w/865,45,22.7,10.0,,1,,,,Si,Fría,,E27,No,,1 foco,,,,,,Semi brillante,22.7 x 7.8 cm,,10000,127.0,,3.0,Fluorescente,45.0,3.0,,,,,,,,,,,,,,,,6500,,,,,,,,,,,
5.5,5.0,Blanco,3 años,,No,,Plástico,0.023,158768,2.7 w W,5.5,,,1,,,,Si,Fría,,Gu10,,1,1 foco,,,,,Circular,Brillante,,,,120.0,,,Mr16,,,,,Fría,,,,Blanco,,,,,,,,,,,,,,,,,,,,
4.6,,Blanco,3 años,,,5.05,Plástico,0.05,,4.5 w W,4.6,,,,,,,,Fría,,,,,,,,,,,Brilloso,,,,,,,Mr16,,,,,Fría,,,,,,,-,,,,,,,,,,,,,,,,,
,,,3 años,,,,,,,10 W,,,,10,,,,,Fría suave,,,,,10 focos,,Led,A19,,,,,,,,,,,10.0,,120,,,,,,,,10,,,,,,,,,,,,,,,,,,
13.5,5.03,Blanco,3 años,Mr16,No,24.0,Plástico,0.454,Esgu1050120v303,6 W,13.5,5.2,,3,,,,No,Cálida,,Gu10,No,Paquete,,,,Mr16,,Empotrable,Mate,,,25000,120.0,,,Led,,,,,,Gu10,,,,,,,,,,,,,,Exclusivo,,,,,,,,,
5.8,,Blanco,3 años,Hue,No,,Silicón,0.15,929001953407,6,,5.0,,2,,LED,-,Si,Blanca,,Gu10,Si,2,,,,Mr16,,Empotrable,Mate,300L,-,25000,,,,Mr16,5.0,,110-130v,Si,Fría a cálida,GU10,90,,,,,,-,,,-,,,-,,,,,,,,,,
10.8,6.0,Blanco,3 años,A19,No,6.0,Plástico,0.11,13a19/led/865/fr/p/nd 1bc/6 mx,13 W,10.8,6.0,,2,,Led,4 m2,Si,Fría,,E27,No,Paquete,1 empaque con 2 focos,65.0,,A19,1.0,Estandar,Mate,-,-,15000,,1310,1.0,Led,12.0,1.0,100-130v,No,Fría,E27,80,150,,,,,1,-,,Imagen ilustrativa. precio incluye i.v.a.,,,-,,,-,,,,,,,
5.0,,Blanco,3 años,Led,Si,,Plástico,0.061,9.3e+11,3 W,,,,1,,Eléctrico,,Si,Cálida,,Gu5.3,No,Individual,,30.0,,Mr16,,Empotrable,Mate,,,15000,,,,Mr16,3.0,,100-240v,No,Cálida,Gu5.3,80,36,,,,,1,,1,,,,,,-,,,,,,,,
5.0,5.0,Blanco,3 años,,No,5.0038,Plástico,0.06,159439,3.5 w W,5.0,,,3,,Eléctrico,,Si,,,Gu5.3,,,,,,,,,Mate,0.020865,,15000,,,,Led,,,100-240v~,,Fría,,,,,,,,,,,,,,,,,,,,,,,,
12.9,,Blanco,3 años,,,9.5,Plástico,0.047,929002450006,7.2,12.9,,0.047,1,,,,,Cálida suave,,,,,,,,,,,Mate,,,25000,,,,Br30,,,,,,,,,,270.0,,,E26 y e27,,,,,,,,,,,,,,,,
22.7,,Blanco,,,,21.8,Plástico,,929002376501,,,,,,,,,,Colores y blanca,,,,,,,,,,,,,,25000,,,,,,,,,,,,,,,,,,,,,,,,,,,,,,,,,
10.9,6.0,Blanco,5 años,A19,No,,Plástico,0.067,929001263243,9.5/8/3 W,10.9,6.0,,1,,Eléctrico,,Si,Dimeable,,E26,No,1,1 foco,,Led,A19,,Estandar,Mate,,,15000,120.0,,800.0,Led,,,120v,No,Dimeable,E26,80,300,Blanco,,,,Alámbrica,A19,,,,,,,,,,,,,,,
12.5,,Ámbar,3 meses,Decorativo,No,,Vidrio,0.037,40t14/mx,,12.5,,,,,,,Si,,,,,,1 foco,,,,,,Brillante,,,,,,,,,,,Si,,,,,,,,,,,,,,,,,,,,,,,,,
,,Blanco,,,,,,,,,,,,2,,,,,,,,,,,270.0,,350,,,,,,,,,,,,1.0,4w,,,,,,,270.0,40w,Ambos,,,,,,,,,,,,,,,,,
10.4,5.8,Blanco,3 años,A19,No,0.0,Plástico,0.088,929002312311,8 W,10.4,5.8,,1,,Led,,Si,Cálida,,E27,No,Individual,1 foco,30.0,,A60,,Estandar,Brillante,2.03 m x 90 x 3.5 cm,,15000,,,,Led,8.0,,100-240v,No,Cálida,E27,80,150,,,,,,A19,,,,,,,,,,,,,,,
5.5,5.0,Blanco,3 años,,No,,Plástico,0.028,158775,3.5 w W,5.5,,,1,,,,Si,Fría,,Gu10,,1,1 foco,,,,,Circular,Brillante,,,,,,,Mr16,,,,,,,,,Blanco,,,,,,,,,,,,,,,,,,,,
14.0,6.5,Café,3 años,,No,,Cristal,0.101,155812,6 w W,14.0,,,2,,Eléctrico,,,,,E26,No,Por paquete,1 empaque con 2 focos,2700.0,Led,St19,60.0,Gota,Semi brillante,,,15000,120.0,,,Led,,,,No,Cálida,E26,,,Café,,,,,,,,,,,,,,,,,,,,
10.4,5.8,Blanco,3 años,Led,No,,Plástico,0.05,Essential,9.5 w W,10.4,5.8,0.0,1,,Eléctrico,,Si,Cálida,,E27,No,,,,,,,,Brillante,9.5 w,,15000,130.0,910,,A19,9.5,,,,,,,,,,,,,,,,,,,,,,,,,,,,
9.0,4.801,Rojo,3 años,A15,No,4.801,Vidrio,0.082,Led5a15c,5 W,9.0,4.801,,1,,,,Si,,,E26,,Individual,,,,A15,,Estandar,Mate,60 hz,,25000,120.0,,,Led,5.0,,,,,E26,,,,,,,,A15,,,,,Blíster,Exclusivo,,,,,,,,,
9.9,,N/a,3 años,,,3.5,Vidrio,0.014,929003068442,4.5 W,9.9,,,1,,,,,Neutra fría,,,,,,,,,,,Transparente,,,15000,120.0,,,B11,,,,,,,,,,500.0,,,E12,,,,,,,,,,,,,,,,
10.3,,Blanco,5 años,Led,No,5.9,Plástico,0.034,A10a19a60wmx01,60 w W,10.3,5.9,,1,,,,No,Cálida,,E26,No,Individual,,,,A19,,Estandar,Mate,,,11000,127.0,,,Led,,,,,,E27,,,,,,,1,,,,,,,Exclusivo,,,,,,,,,
6.1,6.3,Verde,3 años,,No,6.1,Plástico,0.03,929001998571,8 w W,17.3,6.1,,1,,Eléctrico,3 m2,No,Cálida,,E27,No,Individual,1 foco,,Led,A19,60.0,Gota,Mate,,,10000,120.0,,,Led,8.0,,120v,No,Cálida,E27,80,160,,,,,Alámbrica,A19,,,,,,,,,,,,,,,
11.1,,Blanco,3 años,A19,No,,Plástico,0.062,########,9 W,,6.1,0.0,1,,Led,4 m2,No,Fría,,E26,No,Individual,,50.0,,A19,,Estandar,Mate,,,15000,120.0,800 l,,Led,,,120v,No,Fría,E26,80,300,,500.0,,,Alámbrica,A19,,,,,,,,,,,,,,,
5.0,5.0,Blanco,3 años,,No,,Plástico,0.023,158763,2.7 w W,5.0,,,6,,,,Si,Fría,,Gu5.3,,6,1 paquete con 6 focos,,,,,Circular,Mate,,,,120.0,,,Mr16,,,,,Fría,,,,Blanco,,,,,,,,,,,,,,,,,,,,
5.5,5.0,Blanco,3 años,,No,,Plástico,0.03,158779,5 w W,5.5,,,1,,,,Si,Fría,,Gu10,,1,1 foco,,,,,Circular,Brillante,,,,,,,Mr16,,,,,,,,,Blanco,,,,,,,,,,,,,,,,,,,,
16.2,,Blanco,3 años,,,10.0,Polipropileno,0.32,80906,,16.2,10.0,,,,,,,Luz de día,,,,1,,650.0,,T,12.0,,Mate,,,25000,,3700 lm,3700.0,,28.0,3700.0,,No,,E27,80,Omnidireccional,,650.0,,Interior,,,,"Ledvance, s.a. de c.v. otorga una garantía de 3 añ",,,,,,,28w,,,,,,
13.4,,Transparente,3 años,,,6.0,Vidrio,0.1,155806,2.5 w W,13.4,,,1,,Eléctrico,,Si,,,E26,,,3 piezas,270.0,,St19,,,Brillante,,,,120.0,,,St19,,,120v,,,,,,,270.0,40w,Ambos,,,,,,,,,,,,,,,,,
121.4,,Blanco,2 años,T5,No,,Vidrio,0.162,929001275212,16 W,,2.3,0.0,1,,,,Si,Fría,,G5,No,Individual,,40.0,,T5,,Tubo,Mate,,,30000,,,,Led,16.0,1.0,100-240v,No,Neutra,G5,80,,,,,,,T5,,,,,,,,,,,,,,,
8.7,,N/a,3 años,,,5.2,Vidrio,0.019,929003067942,4.5 W,8.7,,,,,,,,Neutra fría,,,,,,,,,,,Transparente,,,15000,120.0,,,G16.5,,,,,,,,,,500.0,,,E27,,,,,,,,,,,,,,,,
10.4,,Blanco,3 años,,,5.8,Plástico,0.15,929002312872,12 W,10.4,,,,4.0,,,No,Fría,,E27,No,,,,,,,,Brillante,,,15000,,,1.0,A19,,1.0,,,,,,,,,,,,,,,,,,,,,,,,,,,
12.0,7.5,Transparente,3 años,Led,No,,Vidrio,0.039,142 703,3 W,12.0,,,,,,,Si,Cálida,,,No,,1 foco,,,,,,Brillante,,,15000,,,,Led,,,,,,,,,,,,,,,,,,,,,,,,,,,,,
6.2,,Blanco,3 años,,No,,Silicón,1.0,929002226705,7.5,,11.2,,5,,Led,,,Blanca cálida y fría,,E26,Si,Paquete,,,,A19,,Estandar,Mate,,,25000,,800,,A19,7.0,,110-130v,Si,Fría a cálida,E26,90,,,,,,,,4,,,,,,Moderno,,,,,,,,
11.1,5.52,Blanco,3 años,A19,No,27.68,Plástico,0.68,Esa1960dlnd10,9 W,11.1,11.81,,10,,,,No,Cálida,,E26,No,,1 empaque con 10 focos,,,,,,Mate,,,10000,120.0,,,Led,,,,,,,,,,,,,,,,,,,,Exclusivo,,,,,,,,,
7.8,4.5,Blanco,3 años,Gota,No,,Plástico,0.028,929002037241,4 w W,7.8,4.5,,3,,,,No,Cálida,,E27,No,3,1 empaque con 3 focos,30.0,,G16.5,,Globo,Mate,,,15000,,,,Led,4.0,,100-240v,No,Cálida,E27,80,150,Blanco,,,,,G15,,,,,,,,,,,,,,,
12.0,,Verde,3,Par38,,13.0,Vidrio,0.38,473736,60 W,,,,1,,,,,,,,,Individual,,,,,,,,,,10000,120.0,,,Led,8.0,,,,,,,,,,,,,Par38,,,,,,,,,,,,,,,
10.59,,Blanco,5 años,,No,5.69,Plástico,0.045,B9a19a60wmxc04,60 w W,10.59,5.69,,4,,,,No,"Fría, neutra y cálida",,,No,Paquete,,,,A19,,Estandar,Mate,,,,127.0,,,Led,,,,,,E27,,,,,,,,,,,,,,Exclusivo,,,,,,,,,
15.3,5.8,Blanco,2 años,Ahorrador,No,,Vidrio,0.04,Dulux el twist 30 w/865,30,15.3,6.0,,1,,,,Si,Fría,,E27,No,,1 foco,,,,,,Semi brillante,15.3 x 5.8 cm,,8000,127.0,,1.0,Fluorescente,30.0,1.0,,,,,,,,,,,,,,,,6500,,,,,,,,,,,
14.5,,Blanco,5 años,Dimeable,No,12.1,Plástico,0.139,B8pr38p120mxd01,14.5 W,14.5,12.1,,1,,,,Si,Fría,,E27,No,Individual,,,,Par38,,Reflector,Mate,,,15000,,,,Led,,1.0,,,,E27,,,,,,,,,,,,,,Exclusivo,,,,,,,,,
9.0,3.4,Transparente,3 años,Vela,No,,Vidrio,0.016,154920,4 w W,9.0,,,3,,Eléctrico,,Si,Cálida,,E26,,,1 empaque con 3 focos,,,,,,Brillante,9 x 3.4 cm,,15000,120.0,420,,Led,,,,,,,,,Transparente,,,,,,,,,2700 k,,,,,,,,,,,
10.5,,Blanco,3 años,Para interiores,No,5.6,Vidrio,0.033,142701,7.5 W,10.5,5.6,,4,,,,Si,Amarilla,,,,,,,,,,,Brillante,,,,120.0,,,Led,,,,,,,,,,,,,,,,,,,,,,,,,,,,,
10.5,5.4,Transparente,3 años,Clásico,No,,Cristal,0.044,929002355542,4.5 w W,10.5,5.4,0.0,1,,Eléctrico,-,Si,Cálida,,E27,No,1,1 foco,27.0,Led,G16.5,40.0,Globo,Brillante,4.5 w,-,15000,120.0,500,,Led,4.5,,120v,No,Cálida,E27,80,N/a,,,,,1,,,-,,,-,,,,,,,,,,
5.5,5.0,Blanco,3 años,,No,,Plástico,0.022,158772,2.7 w W,5.5,,,1,,,,Si,Fría,,Gu10,,1,1 foco,,,,,Circular,Brillante,,,,120.0,,,Mr16,,,,,,,,,Blanco,,,,,,,,,,,,,,,,,,,,
8.9,,Transparente,3 años,Classic,No,4.8,Vidrio,0.029,929002355642,4.5 w W,8.9,4.8,0.0,1,,Eléctrico,-,Si,Cálida,,E27,No,1,1 foco,2700.0,Filamento,A15,40.0,Gota,Mate,4.5 w,-,15000,120.0,500,,Led,4.5,,120v,No,Cálida,E27,80,N/a,Transparente,,,,1,,,-,,,-,,,,,,,,,,
12.8,9.5,Blanco,90 días en tienda,N/a,No,,Plástico,0.125,929002441891,15 w W,12.8,9.5,0.0,1,,Eléctrico,,Si,Cálida,,E27,No,1,1 foco,,,,,,Mate,1521,,15000,,1521 l,1.0,Led,13.0,1.0,,,,,,,,,,,,G30,,,,,,,,,,,,,,,
,,Blanco,3 Años,Ambiente blanco y color,No,,Plástico,0.152,929002226611,9.5 w,11.2,,,1,,LED,,Si,Color y blanca,,,,1,,,,,,,Mate,,,25000,,800,,A19,,,,,,,,,,,,,E26,,,-,,,,,,,,,,,,,
4.65,,Negro,3 años,,,5.05,Plástico,0.05,929003076504,7.2 W,4.65,5.05,,,,,,,Cálida,,Gu5.3,,,,,,,,,Mate,,,25000,,,,Mr16,,,,,,,,,,,,,,,,,,3000k,,,,,,,,,,,
250.0,,,,,,2500.0,,3.64,68-563060225cw-1,,,0.02,,,,,,,,,,,,,,,,,,,,,,,,,,,,,,,,,,,,,,,,,,,,,,,,,,,,,,
9.5,,N/a,3 años,,,3.5,Vidrio,0.01,929003068242,4.5 W,9.5,,,1,,,,,Neutra fría,,,,,,,,,,,Transparente,,,15000,120.0,,,B11,,,,,,,,,,500.0,,,E27,,,,,,,,,,,,,,,,
10.2,4.0,Blanco,2 años,Ahorrador,No,,Vidrio,0.01,Dulux el micro twist 13w/827,13,10.2,4.0,,1,,,,Si,Cálida,,E27,No,,1 foco,,,,,,Semi brillante,10.2 x 4 cm,,10000,127.0,,,Fluorescente,13.0,,,,,,,,,,,,,,,,,2700,,,,,,,,,,,
11.2,,Blanco,3 años,Hue white,No,,Plástico,0.15,929002226701,10,,6.1,,1,,LED,-,Si,Cálida,,E26,Si,Individual,,27.0,,A19,,Estandar,Mate,800 l,-,25000,,800,,A19,9.0,,110-130v,Si,Cálida,E26,90,,,,,,-,,,-,,,-,,,,,,,,,,
5.5,,Blanco,1 año,,,20.0,Plástico,0.2,Lc12724,,5.5,,,,,,,,,,,Si,,,,,,,,Brillante,,,,,,,,,,,,,,,,,,,,,,,,,,,,,,5w,No,Si,Si,,,
10.7,,Blanco,3 años,A19,No,,Plástico,0.06,929002312211,40 W,,6.0,,1,,,2 m2,E27,,,,No,Individual,,65.0,,A19,,Estandar,Mate,,,15000,,480,,Led,5.5,,100-130v,No,Fría,E27,80,150,,,,,,A19,,,,,,,,,,,,,,,
10.5,6.0,Transparente,5 años,A19,No,,Vidrio,0.27,110212,40 W,10.5,6.5,,1,,,,Si,Cálida,,E27,,Individual,1 foco,,,A19,,Estandar,Semi brillante,60 hz,,15000,127.0,,,Led,5.0,,,,,E26,,,,,,,Alámbrica,A19,,,,,Blíster,Exclusivo,,,,,,,,,
5.5,5.0,Blanco,3 años,,No,,Plástico,0.029,158776,3.5 w W,5.5,,,3,,,,Si,Cálida,,Gu10,,3,1 paquete con 3 focos,,,,,Circular,Brillante,,,,240.0,,,Mr16,,,,,Cálida,,,,Blanco,,,,,,,,,,,,,,,,,,,,
25.4,,Negro,,,,4.32,Sintético,,915005734201,,,,,,,,,,Color y blanca,,,,,,,,,,,,,,25000,,,,,,,,,,,,,,,,,,,,,,,,,,,,,,,,,
7.8,,Blanco,3 años,Gota,No,,Plástico,0.043,929002037273,4 W,,4.5,,1,,Led,2 m2,E26,Cálida,,E27,No,Individual,,30.0,,G16.5,,Globo,Mate,,,15000,,,,Led,4.0,,110v,No,Cálida,E27,80,150,,,,,Alámbrica,G15,,,,,,,,,,,,,,,
5.0,5.0,Blanco,3 años,,No,,Plástico,0.023,158762,2.7 w W,5.0,,,6,,,,Si,Cálida,,Gu5.3,,6,1 paquete con 6 focos,,,,,Circular,Mate,,,,120.0,,,Mr16,,,,,Cálida,,,,Blanco,,,,,,,,,,,,,,,,,,,,
11.0,,Blanco,3 años,T-bulb,No,,Plástico,0.169,9.3e+11,10 W,,3.1,0.0,1,,Led,Na,No,Cálida,,E27,No,Individual,,,,,,,Mate,10w,,15000,,1000,1.0,Led,10.0,1.0,,,,,,,,,,,,A19,,,,,,,,,,,,,,,
12.0,9.5,Blanco,5 años,Led,No,9.5,Plástico,0.082,B8pr30p75mxd01,9 W,12.0,9.5,,1,,,,Si,Fría,,E27,No,Individual,,,,Par30,,Reflector,Semi mate,,,15000,127.0,,,Led,,,,,,E27,,,,,,,,,,,,,,Exclusivo,,,,,,,,,
5.0,5.0,Blanco,3 años,,No,,Plástico,0.022,158764,2.7 w W,5.0,,,1,,,,Si,Cálida,,Gu5.3,,,1 foco,,,,,Circular,Mate,,,,120.0,,,Mr16,,,,,Cálida,,,,Blanco,,,,,,,,,,,,,,,,,,,,
10.0,6.3,Morado,3 años,,No,,Plástico,0.06,929001998971,8 w W,10.0,6.3,,1,,Eléctrico,3 m2,Si,Cálida,,E27,No,1,1 foco,,Led,A19,60.0,Gota,Mate,,,10000,120.0,,,Led,8.0,,120v,No,Cálida,E27,80,120,,,,,Alámbrica,A19,,,,,,,,,,,,,,,
13.0,3.0,Transparente,3 años,,No,,Vidrio,0.034,154915,,13.0,,,1,,Eléctrico,,Si,Fría,,E27,No,,1 foco,5000.0,,,,Cilíndrica,Mate,,,,127.0,,,Led,,,,No,,,,,,,,,,,,,,,,,,,,,,,,,
13.1,9.49,Blanco,5 años,Br30,No,9.49,Plástico,0.082,A8br30b65wmxd03,9.3 w W,13.1,9.49,9.1,1,,Led,4 m2,No,Neutra,,A19,No,Individual,1 foco,,,Br30,,Reflector,Mate,,,15000,127.0,,,Led,9.0,,,,,E27,,,,,,,Alámbrica,Br30,,,,,,Exclusivo,,,,,,,,,
5.5,5.0,Blanco,3 años,,No,,Plástico,0.03,158778,5 w W,5.5,,,1,,,,Si,Cálida,,Gu10,,1,1 foco,,,,,Circular,Brillante,,,,,,,Mr16,,,,,,,,,Blanco,,,,,,,,,,,,,,,,,,,,
11.5,,Blanco,1 año,,,26.0,Plástico,,Lc-1349,,,,,,,,,,,,,Si,,,,,,,,Brillante,,,,,,,,,,,,,,,,,,,,,,,,,,,,,,,No,Si,Si,,,
10.8,,Blanco,3 años,Led,No,,Plástico,0.48,929002312394,8 w W,,6.0,0.0,8,,Eléctrico,,No,Cálida,,E27,No,Pack,,30.0,,A19,,Estandar,Mate,8w,,15000,130.0,800,,A19,8.0,,100-130v,No,Cálida,E27,80,150,,30.0,,,1,A19,,,,,,,,,,,,,,,
9.9,,Transparente,5 años,B11,No,3.2,Vidrio,0.0165,9290018427,4.5 W,9.9,3.2,,3,,Led,,,Blanca,,E26,,Pack,,,,Ba11,,Vela,Brillante,,,15000,120.0,,,Led,4.0,,,,,E26,,,,,,,,B11,,,,,,,,,,,,,,,
7.5,,Blanco,2 años,Ambiente blanco y color,Si,15.0,Plástico,,915005822101,,,15.0,,1,,Led,-,No,Blanca-color,,,Si,,,,,,,,Semi brillante,300l,-,20000,12.0,300,,Led,,,,,,,,,,,,,-,,,-,,,-,,,,,,,,,,
2.54,,Blanco,2 años,Hue,Si,9.04,Plástico,0.392,929001180603,0.1,2.54,2.5,,1,,,,Si,,,,Si,,,,,,,,Mate,50 luces,,,,,,,,,,,,,,,,,,,,,,,,,,,,,250 ma,N/a,App,Si,,Interior,"Alexa, google assistant, apple siri"
21.0,0.0,Blanco,2 años,Hue,Si,21.0,Plástico,0.825,929001136971,9.5 w,21.0,8.3,0.0,5,,Eléctrico,,Si,Blanca,,E26,Si,Por paquete,1 sistema de iluminación,,Inalámbrico,A19,,Gota,Brillante,,,25000,,840l,,Led,9.0,,,,Cálida,E26,,,Blanco,,,,,A19,,,,,,,,,,,,,,,
11.5,,Blanco,1 año,,,6.5,Plástico,0.099,Lc1351,,11.5,,,,,,,,,,,Si,,,,,,,,Brillante,,,,,,,,,,,,,,,,,,,,,,,,,,,,,,11w,No,Si,Si,Ios y android,,
11.2,5.2,Blanco,2 años,Ahorrador,No,,Vidrio,0.02,Dulux el micro twist 20w/865,20,11.2,6.0,,1,,,,Si,Fría,,E27,No,,1 foco,,,,,,Semi brillante,11.2 x 5.2 cm,,10000,127.0,,1.0,Fluorescente,20.0,1.0,,,,,,,,,,,,,,,,6500,,,,,,,,,,,
13.5,6.3,Ambar,5 años,Filamento,No,7.8,Cristal,0.06,929002990303,4.4 w W,13.5,10.2,,2,,Eléctrico,,Si,Cálida,,,,,2,,,,,,Semi mate,13.5 x 6.3 cm,,"15,000 hr",120.0,350 lm,350.0,Led,,,,,,,,,,2000.0,,,,,2,,,,,,Vintage,,,,,,,,
6.5,,Blanco,1 año,Iluminadas,Si,150.0,Plástico,0.158,34301,Baterias aa W,6.5,,,1,,,,No,Led calida,,,,,1 kit de letras,,,,,,Mate,,,35000,,,,Led,,,,No,,,,,,,,,,,60,,,,,,,,,,,,,,
14.2,6.3,Ámbar,3 meses,Decorativo,No,,Vidrio,0.046,40st19/mx,,14.2,,,1,,Eléctrico,,Si,Luz cálida,,,No,,1 foco,21.0,,,,Gota,Semi mate,,,,120.0,,,Incandescente,,,,Si,,,,,,,,,,,,,,,,,,,,,,,,,
11.0,,Blanco,3 años,T-bulb,No,,Plástico,0.12,9.3e+11,8 W,,3.1,0.0,1,,Eléctrico,,No,Fría,,E27,No,Individual,,,,,,,Mate,75w,,15000,240.0,1000,1.0,Led,10.0,1.0,,,,,,,,,,,1,A19,,,,,,,,,,,,,,,
10.3,,Blanco,5 años,Led,No,5.9,Plástico,0.034,A10a19a60wmx01,60 w W,10.3,5.9,,4,,,,No,Cálida,,E26,No,Paquete,,,,A19,,Estandar,Mate,,,11000,127.0,,,Led,,,,,,E27,,,,,,,,,,,,,,Exclusivo,,,,,,,,,
,,Blanco,,,,,,,,,,,,2,,,,,,,,,,,270.0,,350,,,,,,,,,,,,1.0,4w,,,,,,,270.0,40w,Ambos,,,,,,,,,,,,,,,,,
5.5,5.0,Blanco,3 años,,No,,Plástico,0.022,158771,2.7 w W,5.5,,,1,,,,Si,Cálida,,Gu10,,1,1 foco,,,,,Circular,Brillante,,,,120.0,,,Mr16,,,,,Cálida suave,,,,Blanco,,,,,,,,,,,,,,,,,,,,
14.2,,Ambar,3 años,Vintage,No,,Vidrio,0.047,929002266111,5 w,,10.5,,1,,LED,-,Si,Cálida,,E26,Si,Individual,,20.0,,G25,,Globo,Brillante,5 w,-,15000,120.0,350,,G25,,,120v,Si,Cálida,E26,90,220,,,,,1,,,,,,-,,,,,,,,,,
8.7,5.2,Transparente,3 años,N/a,No,,Vidrio,0.024,929002355572,4.5 w W,8.7,5.2,0.0,3,,Eléctrico,-,Si,Cálida,,E27,No,Paquete,1 caja con 3 focos,2700.0,Filamento,G16.5,40.0,Gota,Brillante,4.5 w,-,15000,120.0,500,,Led,4.5,,120v,No,Cálida,E27,80,N/a,,2700.0,,,-,,,-,,,-,,,,,,,,,,
27.0,,Ambar,2 años,,,6.5,Vidrio,0.2,80293,5w W,27.0,6.5,,1,,,,,Cálida,,,No,1,,2000.0,,T65,2.0,,Satinado,,,15000,,350 lm,350.0,Led,5.0,350.0,,No,Cálida,E27,Mayor a 80,N/a,,2000.0,,Interior,,,,Garantía en piezas y componentes con vigencia de 9,,,,,,,,,,,,,
11.8,,Blanco,3 años,A19,No,27.7,Plástico,0.68,Esa1960swd10,9 W,11.8,11.1,,10,,,,No,Cálida,,E26,No,,,,,,,,Mate,,,10000,120.0,,,Led,,,,,,,,,,,,,,,,,,,,Exclusivo,,,,,,,,,
10.0,8.0,Ámbar,3 meses,Decorativo,No,,Vidrio,0.042,40g25/vg/mx,40 w W,10.0,,,1,,Eléctrico,,Si,,,,No,,1 foco,22.0,Filamento,G25,,Globo,Brillante,,,3000,120.0,,,Incandescente,,,120,Si,Cálida,,,,,,,,,,,,,,,,,,40 w,,,,,,
10.31,,Blanco,5 años,,No,5.99,Plástico,0.034,B9a19a60wmxwc03,60 w W,10.31,5.99,,1,,,,No,"Fría, neutra y cálida",,,No,1,,,,A19,,Estandar,Mate,,,,127.0,,,Led,,,,,,E27,,,,,,,,,,,,,,Exclusivo,,,,,,,,,
10.8,,Blanco,3 años,A19,No,,Plástico,0.03,929002312472,8 w W,10.8,6.0,,4,,Eléctrico,4 m2,Si,Fría,,E27,No,Pack,,65.0,,A19,,Estandar,Mate,,,15000,,,,Led,8.0,,110-130v,No,Fría,E27,80,150,,,,,Alámbrica,A19,,,,,,,,,,,,,,,
11.0,3.7,Transparente,3 años,Vela,No,,Vidrio,0.043,154 907,,11.0,,,2,,Electrónico,,Si,Fría,,E27,No,,1 empaque con 2 focos,50.0,,,,B11,Brillante,,,,127.0,,,Led,,,,No,,,,,,,,,,,,,,,,,,,,,,,,,
10.0,6.4,Blanco,10 años,R20,No,,Plástico,0.079,9290011557,6 w W,10.0,6.4,,1,,Eléctrico,,Si,,,E26,No,Individual,,,,Br20,,Reflector,Brillante,450 lúmenes,,25000,,,,R20,6.0,,110-130v,Si,Cálida,E26,80,N/a,,,,,1,R20,,,,,,,,,,,,,,,
11.9,8.0,Ámbar,5 años,N/a,No,,Vidrio,0.015,929001335443,4.5 w W,11.9,8.0,0.0,1,,Eléctrico,40w,Si,Cálida,,E26,No,Individual,1 foco,22.0,Filamento,G25,40.0,N/a,Brillante,40w,,15000,120.0,300,,Led,4.5,,120v,Si,Cálida,E26,80,N/a,Amarillo,20.0,,,,G25,,,,,,,,,,,,,,,
,,Ambar,3 años,Hue,No,,Plástico,0.05,929003051801,7,21.0,6.0,0.0,1,,LED,60W,,Cálida,,E26,Si,Individual,,21.0,,St19,,,Mate,7W,,25000,,530L,,ST19,,,110-130v,Si,Cálida,E26,90,,,,,,Inalámbrica,,,,,,,,,,,,,,,,
480.0,,Multicolor,2 años,,Si,1.5,Plástico,0.4,158759,,480.0,,,1,,Bluetooth,,Si,,,,,,1 tira de luz,3000.0,,,,,Brillante,,,,,,,,,,,,,,,,,,,,,,,,,,,,,,,,,,,,
10.3,,Blanco,5 años,Led,No,5.9,Plástico,0.034,A10a19a60wmx03,60 w W,10.3,5.9,,1,,,,No,Fría,,E26,No,Individual,,,,A19,,Estandar,Mate,,,11000,127.0,,,Led,,,,,,E27,,,,,,,1,,,,,,,Exclusivo,,,,,,,,,
,,N/a,3 años,,,3.5,Vidrio,0.014,929003068448,4.5 W,9.9,,,3,,,,,Neutra fría,,,,,,,,,,,Transparente,,,15000,120.0,,,B11,,,,,,,,,,500.0,,,E12,,,,,,,,,,,,,,,,
8.5,,Plateado,3 años,Par20,No,,Aluminio,0.135,929003026104,7 W,,6.3,0.0,1,,,,Si,Cálida,,E26,No,Individual,,30.0,,Par20,,Reflector,Brillante,7w,,25000,120.0,450l,,Led,7.0,,120v,Si,Cálida,E26,80,25,,,,,Na,Par20,,Na,,,Na,,,,,,,,,,
14.6,,Blanco,2 años,Para tira de luz,,4.0,Plástico,0.282,7014782,30 W,14.6,2.9,,1,,Eléctrico,,Si,-,,-,No,,1 controlador eléctrico,,,,,,Mate,,,20000,110277.0,,,-,,,,,,,,,,,,,,,,,,,,,,,,,,,,,
4.5,5.0,Blanco,3 años,,No,,Plástico,0.02,158766,2.7 w W,4.5,,,1,,,,Si,Fría,,Gu5.3,,,1 foco,,,,,Circular,Brillante,,,,120.0,,,Mr16,,,,,,,,,Blanco,,,,,,,,,,,,,,,,,,,,
13.8,,Blanco,3 años,,,7.7,Plástico,0.09,929002449106,14.5,13.8,,,1,,,,,Fría atenuable,,,,,,,,,,,Mate,,,15000,120.0,,1.0,A19,,1.0,,,,,,,,500.0,,,E27,,,,,,,,,,,,,,,,
16.0,,Blanco,2 años,Para tira de luz,,4.2,Plástico,0.35,7014783,60 W,16.0,3.1,,1,,Eléctrico,,Si,-,,-,No,,1 controlador eléctrico,,,,,,Mate,,,20000,110240.0,,,-,,,,,,,,,,,,,,,,,,,,,,,,,,,,,
4.9,5.0,Blanco,5 años,Mr16,No,5.0,Plástico,0.038,B8gu53m35wmxd02,4.5 W,4.9,5.0,5.0,2,,Led,3 m2,No,Cálida,,Gu5.3,No,Paquete,1 empaque con 2 focos,,,Mr16,,Empotrable,Mate,,,25000,12.0,,,Led,5.8,,,,,Gu5.3,,,,,,,Alámbrica,Mr16,,,,,,Exclusivo,,,,,,,,,
,,Blanco,,,,3.5052,,,,40 W,9.906,3.5052,,2,,,,,,,,,,3 piezas,270.0,Led,B11,,Vela,Vidrio,,,15000,,,,,40.0,,120v,,,,,,,270.0,40w,Ambos,,,,,,,,,,,,,,,,,
7.2,8.8,Blanco,3 años,Ambiente blanco y color,No,7.2,Plástico,0.05,929001953205,6 w,17.4,8.8,,1,,Eléctrico,,Si,Blanca y multicolor,,Gu10,Si,Individual,1 foco,,Led,Mr16,,Empotrable,Mate,,,15000,130.0,300,,Spot,,,,Si,Fría a cálida,Gu10,,,Blanco,,,,1,,,,,,,,,,,,,,,,
11.8,5.0,Blanco,2 años,Ahorrador,No,,Vidrio,0.064,Dulux el micro twist 13w/830,23,11.8,5.0,,,,,,Si,Cálida,,E27,No,,1 empaque con 4 focos,,,,,,Semi brillante,,,10000,127.0,,1.0,Fluorescente,23.0,,,,,,,,,,,,,,,,,,,,,,,,,,,,
9.5,3.5,Transparente,90 días en tienda,N/a,No,,Vidrio,0.019,929002355272,4.5 w W,9.5,3.5,0.0,3,,Eléctrico,-,Si,Cálida,,E27,No,3,1 caja con 3 focos,2700.0,Filamento,B11,40.0,Vela,Brillante,4.5 w,-,15000,120.0,500,,Led,4.5,,120v,No,Cálida,E27,80,N/a,,,,,1,-,,-,,,-,,,-,,,,,,,
9.0,3.4,Transparente,3 años,Vela,No,,Vidrio,0.016,154919,4 w W,9.0,,,3,,Eléctrico,,Si,Fría,,E26,,,1 empaque con 3 focos,,,,,,Brillante,9 x 3.4 cm,,15000,120.0,420,,Led,,,,,,,,,Transparente,,,,,,,,,5000 k,,,,,,,,,,,
10.8,,Blanco,3 años,A19,No,,Plástico,0.06,929002312111,40 W,,6.0,,1,,Led,,No,,,,No,Individual,,30.0,,A19,,Estandar,Mate,,,15000,,,,Led,5.5,,100-130v,No,Cálida,E27,80,150,,,,,1,A19,,,,,,,,,,,,,,,
10.6,6.0,Blanco,3 años,,No,,Plástico,0.06,929002036341,8.8 w W,10.6,6.1,,1,,Eléctrico,,Si,Fría,,E26,No,Individual,1 foco,50.0,Led,A19,60.0,Gota,Mate,800 lúmenes,,25000,120.0,,,Led,8.8,,120v,Si,Fría,E26,90,250,Blanco,,,,Alámbrica,A19,,,,,,,,,,,,,,,
4.0,23.0,Blanco,90 días en tienda,De techo,Si,23.0,Vidrio,0.626,Plc-264/023,9 w W,4.0,8.0,,1,,Eléctrico,,Si,6500k,,Led,,,Incluye instructivo de armado y tornillería.,,,,,,Mate,4 x 23 cm,,"30,000 hrs",127.0,,,Led,,,,,,,,,,,,,127v,,1,,,,,,Moderno,,,,,,,,
13.2,1.22,Plateado,3 años,Airflux,No,12.5,Vidrio,0.385,929001306633,13.5 W,13.7,12.2,,1,,,,,Amarilla,,,No,1,,,,Par38,,Reflector,,,,10950,120.0,,,Led,13.5,,120v,No,Amarillo,E26,80,,,,,,,Par38,,,,,,,,,,,,,,,
11.7,5.2,Blanco,2 años,Ahorrador,No,,Vidrio,0.02,Dulux el micro twist 23w/865,23,11.7,6.0,,1,,,,Si,Fría,,E27,No,,1 foco,,,,,,Semi brillante,11.7 x 5.2 cm,,12000,127.0,,1.0,Fluorescente,,1.0,,,,,,,,,,,,,,,,6500,,,,,,,,,,,
15.5,,Blanco,2 años,A25,No,,Plástico,0.066,929002428342,19 W,,8.0,,1,,,,Si,Fría,,E27,No,Individual,,65.0,,A23,1.0,Estandar,Mate,,,25000,,,,Led,18.0,1.0,100-240v,No,Fría,E27,80,150,,,,,,,,,,-,,,,,,,,,,,
250.0,,,,,,2500.0,,3.64,68-563060225cw-2,,,0.02,,,,,,,,,,,,,,,,,,,,,,,,,,,,,,,,,,,,,,,,,,,,,,,,,,,,,,
9.0,5.5,Ámbar,3 años,,No,,Vidrio,0.029,155811,3.5 w W,9.0,,,1,,Eléctrico,,Si,,,E26,,,,27.0,,,,,Brillante,,,15000,120.0,,,A19,,,,,Cálida,,,,,,3.5,,,,,,,,,,,,,,,,,,
5.3,,Blanco,2 años,Spot,No,,Plástico,0.18,929001266483,6 W,,5.0,0.0,3,,Eléctrico,,Si,Cálida,,Gu10,No,Pack,,30.0,,Par16,,Reflector,Brillante,,,15000,120.0,,,Led,6.0,,120v,Si,Cálida,Gu10,80,35,,,,,,Mr16,,Na,,,,,,,,,,,,,
10.8,6.0,Blanco,3 años,Ahorrador,No,,Plástico,0.06,929002312811,12 w W,10.8,6.0,,1,,Eléctrico,4 m2,Si,Fría,,E27,No,Individual,,65.0,,A19,1.0,Estandar,Brillante,,,15000,130.0,,1.0,Led,12.0,1.0,110-130v,No,Fría,E27,80,150,,,,,Alámbrica,A19,,,,,,,,,,,,,,,
8.4,6.3,Blanco,5 años,Mr16,No,,Policarbonato,0.096,Cc-0005-ld,9 W,8.4,8.4,84.0,1,,E27,Ip 20,Si,Cálida,,,No,Individual,1 foco,,,Mr16,,Empotrable,Mate,13.5x19.5,Cm,35000,127.0,740lm,,Led,9.0,,,,,E26,,,,310.0,,,1,Mr16,,,,,Caja,,,5 - 7 días,,,,,,,
5.5,5.0,Blanco,3 años,,No,,Plástico,0.023,158767,2.7 w W,5.5,,,1,,,,Si,Cálida,,Gu10,,1,1 foco,,,,,Circular,Brillante,,,,120.0,,,Mr16,,,,,Cálida,,,,Blanco,,,,,,,,,,,,,,,,,,,,
10.3,,Blanco,5 años,Led,No,5.9,Plástico,0.034,A10a19a60wmx03,60 w W,10.3,5.9,,4,,,,No,Fría,,E26,No,Paquete,,,,A19,,Estandar,Mate,,,11000,127.0,,,Led,,,,,,E27,,,,,,,1,,,,,,,Exclusivo,,,,,,,,,
10.0,6.3,Amarillo,3 años,,No,,Plástico,0.06,929001998771,8 w W,10.0,6.3,,1,,Eléctrico,3 m2,Si,Cálida,,E27,No,1,1 foco,,Led,A19,60.0,Gota,Mate,,,10000,120.0,,,Led,8.0,,120v,No,Cálida,E27,80,120,,,,,Alámbrica,A19,,Garantía en piezas y componentes con vigencia de 9,,,,,,,,,,,,,
10.3,,Blanco,5 años,Led,No,5.9,Plástico,0.034,A10a19a60wmx01,60 w W,10.3,5.9,,10,,,,No,Cálida,,E26,No,10,,,,,,,Mate,,,11000,127.0,,,Led,,,,,,,,,,,,,,,,,,,,Exclusivo,,,,,,,,,
3.8,1.4,Blanco,3 años,T3,No,10.0,Plástico,0.004,929001844023,1 w W,3.8,1.4,,1,,Eléctrico,2 m2,Si,Cálida,,G4,No,1,,30.0,,Cápsula,,N/a,Brillante,,,15000,12.0,,,Led,1.0,,12v,No,Cálida,G4,80,N/a,,,,,Alámbrica,T3,,,,,,,,,,,,,,,
5.0,,5 x 30 x 30 cm,90 días en tienda,"Plafon, lampara de techo",No,30.0,Vidrio,0.8,Mx-pf8042,Hasta 20w W,5.0,7.0,2.0,1,,N/a,,Si,N/a,,E26/e27,,,1 plafón,,,,,,Mate,Blanco,,Depende del foco,,,,Focos con base e26/e27,,,,,N/a,,,,Cromado,,,Interior,Electricas,,2,,,,,,Moderno,,,,,,,,
10.6,,Blanco,3 años,Led,No,6.0,Vidrio,0.085,929001940941,8.8 w W,10.6,6.1,,1,,Eléctrico,,Si,Cálida,,E26,No,Individual,,,,A19,,Estandar,Brillante,800 lúmenes,,15000,120.0,,,A19,8.8,,120v,Si,Cálida,E26,90,250,,,,,,A19,,,,,,,,,,,,,,,
4.65,5.05,Blanco,90 días en tienda,N/a,No,,Plástico,0.028,Led mr16 4.5-50w 36d 830 so 100-240v 1bc,4.5 w W,4.65,5.0,,1,,Eléctrico,,Si,Cálida,,Gu5.3,No,Individual,1 foco,30.0,Led,Mr16,50.0,N/a,Semi mate,,,15000,,,,Led,4.5,,100-240v,No,Cálida,Gu5.3,80,36,Blanco,,,,Alámbrica,Mr16,,,,,,,,,,,,,,,
17.8,4.9,Blanco,5 años,Mr16,,16.0,Plástico,0.12,123251,5.6 w W,17.8,51.0,,2,,,,Si,Fría,,Gu5.3 es,,Pack,,,,Mr16,,Empotrable,Mate,,,25000,12.0,,,Led,5.6,,,,,Gu5.3,,,,,,,1,Mr16,,,,,,Exclusivo,,,,,,,,,
11.1,4.6,Transparente,3 años,Vela,No,,Cristal,0.038,929002355442,4.5 w W,11.1,4.6,0.0,1,,Eléctrico,-,Si,Cálida,,E14,No,Individual,1 foco,27.0,Led,B11,40.0,Vela,Brillante,4.5 w,Na,15000,120.0,500,,Led,4.5,,120v,No,Cálida,E14,80,N/a,,,,,1,,,-,,,-,,,,,,,,,,
12.9,9.5,Blanco,3 años,Inteligente,No,,Plástico,0.12,929002450106,7.2 w W,12.9,,,1,,,,,Fría atenuable,,,,,,,,,,,Mate,,,25000,,,,Br30,,,,,,,,,,500.0,,,,,,,,,,,Moderno,,,,,,,,
13.0,,Transparente,3 años,,No,3.0,Vidrio,0.034,154913,,13.0,3.5,,1,,Eléctrico,,Si,Cálida,,E27,No,,1 foco,3000.0,,,,Cilíndrica,Mate,,,,127.0,,,Led,,,,No,,,,,,,,,,,,,,,,,,,,,,,,,
8.5,4.0,Azul,3 años,A15,No,4.0,Plástico,0.076,Led5a15c,5 W,8.5,4.0,,1,,,2 m2,Si,,,E26,,Individual,,,,A15,,Estandar,Semi brillante,60 hz,,25000,120.0,,,Led,5.0,,,,,E26,,,,,,,Alámbrica,A15,,,,,Blíster,Exclusivo,,,,,,,,,
11.4,3.9,Blanco,90 días en tienda,Vela,No,17.4,Vidrio,0.05,929002294101,6 w,11.4,,,1,,Hue,,Si,Dimeable,,E12,Si,Individual,1 foco,,Led,B39,,Vela,Mate,,,25000,,,,Led,,,110-130v,Si,Colores,E12,90,,Blanco,,,,,,1,,,,,,Moderno,,,,,,,,
5.4,,Gris,3 años,,,5.0,Plástico,0.06,,6 w W,5.4,,,,,,,,Cálida,,-,,,,,,,,,Brilloso,,,,,,,Par16,,,,,Cálida,,,,,,,-,,,,,,,,,,,,,,,,,
17.9,,Blanco,2 años,Led,No,,Plástico,0.082,929002428442,23 W,,9.6,,1,,Led,,,Fría,,E27,No,1,,65.0,,A25,1.0,Estandar,Mate,2300 lm,Cm,25000,,2300,2.0,Led,22.0,2.0,100-240v,No,Fría,E27,80,150,,,,,,,,,,,,,,,,,,,,,
5.0,5.0,Blanco,3 años,,No,,Plástico,0.024,158761,2.7 w W,5.0,,,1,,,,Si,Fría,,Gu5.3,,1,1 foco,,,,,Circular,Mate,,,,120.0,,,Mr16,,,,,Fría suave,,,,Blanco,,,,,,,,,,,,,,,,,,,,
5.5,5.0,Blanco,3 años,,No,,Plástico,0.03,158782,5 w W,5.5,,,3,,,,Si,Fría,,Gu10,,3,1 paquete con 3 focos,,,,,Circular,Brillante,,,,240.0,,,Mr16,,,,,Fría,,,,Blanco,,,,,,,,,,,,,,,,,,,,
14.5,14.5,Blanco,1 año,,,14.5,Aluminio,0.29,19132_0_cnw,9 W,6.6,,,,,,,Plafon o bote integral 10cm,Led,,,,,,,,Empotrado,6.0,,Mate,,,,,,,Led,,,,No,Led cambio de temperatura,Led,,,,,,,,,,,,,,,,,,,,,,,
13.0,5.2,Blanco,3 años,Led,No,5.2,Plástico,0.454,Esmr1650120v303,6 w W,13.0,5.2,,1,,,,Si,Amarilla,,Gu5.3,No,Paquete,,,,Mr16,,Empotrable,Mate,,,25000,120.0,,,Gu 5.3,,,,,,Gu5.3,,,,,,,1,,,,,,,Exclusivo,,,,,,,,,
10.5,3.5,Transparente,3 años,Flama,No,,Vidrio,0.018,154927,4 w W,10.5,,,3,,Eléctrico,,Si,Cálida,,E26,,,1 empaque con 3 focos,,,,,,Brillante,10.5 x 3.5 cm,,15000,120.0,420,,Led,,,,,,,,,Transparente,,,,,,,,,2700 k,,,,,,,,,,,
5.0,5.0,Blanco,3 años,,No,5.0038,Plástico,0.02,159436,3.5 w W,5.0,,,1,,Eléctrico,,No,,,Gu5.3,,,,,,,,,Mate,0.020865,,15000,,,,Led,,,100-240v~,,Cálida,,,,,,,,,,,,,,,,,,,,,,,,
25.4,,Negro,,,,4.32,Sintétio,,915005734001,,,3.56,,,,,,,Colores y blanca,,,,,,,,,,,,,,25000,,,,,,,,,,,,,,,,,,,,,,,,,,,,,,,,,
12.1,,Blanco,3 años,Globo,No,,Plástico,0.18,9.3e+11,5 W,,8.0,0.0,1,,Led,-,Si,Fría,,E27,No,Individual,,50.0,,G25,,Globo,Semi brillante,5 w,Cm,15000,120.0,350,,Led,5.0,,120v,No,Fría,E26,80,N/a,,,,,-,,,-,,,-,,,,,,,,,,
10.8,,Blanco,3 años,A19,No,,Plástico,0.03,929002312372,8 w W,10.8,6.0,,4,,Eléctrico,4 m2,Si,Cálida,,E27,No,Pack,,30.0,,A19,,Estandar,Mate,,,15000,,,,Led,8.0,,110-130v,No,Cálida,A19,80,150,,,,,1,A19,,,,,,,,,,,,,,,
7.5,4.3,Transparente,3 años,,,,Vidrio,0.07,155805,2.5 w W,7.5,,,3,,Eléctrico,,Si,,,E12,,,3 piezas,500.0,,G16.5,,,Brillante,,,,120.0,,,G16.5,,,120v,,Fría,,,,,500.0,25w,Ambos,,,,,,,,,,,,,,,,,
13.7,,Ambar,3 años,Vintage,No,,Vidrio,0.127,929002266311,5 w,,8.5,,1,,LED,-,Si,Cálida,,E26,Si,Individual,,20.0,,St19,,,Brillante,5 w,-,15000,120.0,350,,ST19,,,120v,Si,Cálida,E26,90,220,,,,,1,-,,15.5,,,-,,,-,,,,,,,
9.3,3.5,Transparente,3 años,,No,,Vidrio,0.014,929003068348,4.5 W,9.3,,,3,,,,,Neutra fría,,E14,,,1 empaque con 3 focos,,,,,,Mate,,,15000,120.0,,,Led,,,,No,Fría,E14,,,Transparente,500.0,,,E14,,,,,,,,,,,,,,,,
115.0,2.6,Blanco,90 días en tienda,T8,No,,Vidrio,0.222,13t8/48-6500,13 W,115.0,0.0,,1,,,,Si,Fría,,,No,Individual,,,,,,,Mate,,,36000 horas,,,,Led,13.0,1.0,,,,,,,,,,,,T8,,,,,,,,,,,,,,,
11.0,3.7,Blanco,3 años,Vela,No,,Plástico,0.012,154912,,11.0,,,,,Eléctrico,,Si,Fría,,E12,,,1 empaque con 2 focos,,,,,,Semi brillante,,,,127.0,701,,Led,,,,,,,,,,,,,,,,,,5000 k,,,,,,,,,,,
18.2,2.8,Ámbar,3 meses,Decorativo,No,,Vidrio,0.044,40t10/vg/mx,,18.2,,,1,,,,Si,,,,,,1 foco,,,,,,Brillante,,,,,,,,,,,Si,,,,,,,,,,,,,,,,,,,,,,,,,
13.599,,Blanco,3 años,,,8.001,Polipropileno,0.193,80904,,13.599,8.001,,1,,,,,Luz de dia,,,,1,,650.0,,T,12.0,,Mate,,,,,1800 lm,1800.0,,16.5,1800.0,,No,,E27,80,Omnidireccional,,,,Interior,,,,"Ledvance, s.a. de c.v. otorga una garantía de 3 añ",,,,,,,16.5w,,,,,,
12.0,,Blanco,90 días en tienda,"""t""",No,,Plástico,0.352,144957,36 W,22.0,,,,,,,Si,Fría,,E27,-,,1 foco,,,,,,Mate,,,25000,,,4.0,Led,,,,,,,,,,,36,,,,,,,,,,,,,,,,,,
,2.8,Blanco,3 años,N/a,No,60.2,Vidrio,0.12,929001939811,8 w W,,2.8,0.0,1,,Eléctrico,,Si,Fría,,G13,No,1,1 foco,65.0,Led,T8,,N/a,Mate,60cm,,15000,,800,,Led,8.0,,110-220v,No,Fría,G13,80,240,Blanco,,,,,T8,,,,,,,,,,,,,,,
10.0,6.3,Naranja,3 años,N/a,No,,Plástico,0.06,929001998871,8 w W,10.0,6.3,,1,,Eléctrico,3 m2,Si,Cálida,,E27,No,1,1 foco,,Led,A19,60.0,Gota,Mate,,,10000,120.0,,,Led,8.0,,120v,No,Cálida,E27,80,160,,,,,1,A19,,,,,,,,,,,,,,,
4.65,,Negro,3 años,,,5.05,Plástico,0.05,929003076404,7.2 W,4.65,5.05,,1,,,,,Cálida,,Gu5.3,,,,,,,,,Mate,,,25000,,,,Mr16,,,,,,,,,,,,,,,,,,2700k,,,,,,,,,,,
10.6,,N/a,3 años,,,6.0,Vidrio,0.09,929003068142,8 W,10.6,,,,,,,,Neutra fría,,,,,,,,,,,Transparente,,,15000,120.0,,,A19,,,,,,,,,,500.0,,,E27,,,,,,,,,,,,,,,,
12.8,9.5,Blanco,3 años,N/a,No,,Vidrio,0.125,929002441991,13.5 w W,12.8,9.5,0.0,1,,Eléctrico,,Si,Fría,,E27,No,1,1 foco,,,,,,Mate,1521,,15000,,1521,1.0,Led,13.5,1.0,,,,,,,,,,,,G30,,,,,,,,,,,,,,,
1.5,,Blanco,1 año,,,5.0,Plástico,0.05,Lc12714,,5.5,,,,,,,,,,,Si,,,,,,,,Brillante,,,,,,,,,,,,,,,,,,,,,,,,,,,,,,5w,No,Si,Si,,,
9.8,3.8,Blanco,2 años,Ahorrador,No,,Vidrio,0.01,Dulux el micro twist 13w/865,13,9.8,4.0,,1,,,,Si,Fría,,E27,No,,1 foco,,,,,,Semi brillante,9.8 x 3.8 cm,,10000,127.0,,,Fluorescente,13.0,,,,,,,,,,,,,,,,,6500,,,,,,,,,,,
10.3,,Blanco,5 años,Led,No,5.9,Plástico,0.034,A10a19a60wmx03,60 w W,10.3,5.9,,10,,,,No,Fría,,E26,No,10,,,,,,,Mate,,,11000,127.0,,,Led,,,,,,,,,,,,,,,,,,,,Exclusivo,,,,,,,,,
8.9,4.7,,3 años,,No,,Vidrio,0.024,154909,4.7 w W,8.9,,,2,,Eléctrico,,Si,Cálida,,E27,,,1 paquete con 2 focos,,Led,A15,,,Semi mate,,,15000,127.0,,,Led,4.7,,,,,,,,Blanco,,,,,,,Garantía en piezas y componentes con vigencia de 90 días a p,,,,,,,,,,,,,
18.2,,Blanco,2 años,Para tira de luz,,4.3,Plástico,0.2,7014781,60 W,18.2,3.0,,1,,Eléctrico,,Si,-,,,No,,1 controlador eléctrico,,,,,,Mate,,,20000,110240.0,,,-,,,,,,,,,,,,,,,,,,,,,,,,,,,,,
10.4,,Blanco,3 años,,,5.8,Plástico,0.15,929002312772,12 W,10.4,,,4,,,,No,Cálida,,E27,No,,,,,,,,Brillante,,,15000,,,1.0,A19,,1.0,,,,,,,,,,,,,,,,,,,,,,,,,,,
2.7,,Blanco,5 años,,No,121.0,Plástico,0.218,130131,19 w W,2.7,2.7,,1,,,,,Fría,,G13,No,Individual,,,,T8,,Tubo,Mate,,,36000,127.0,,2.0,,,,,,,G13,,,,,,,,,,,,,,Exclusivo,,,,,,,,,
,0.6,Blanco,3 años,Hue,No,6.1,Plástico,0.046,929003051601,7,,6.0,0.0,1,,LED,60W,,Cálida,,E26,Si,1,,21.0,,A19,,Estandar,Mate,7W,,25000,,530L,,A19,,,110-130v,Si,Cálida,E26,90,,,,,,Inalámbrica,,,,,,,,,,,,,,,,
11.4,,Plástico,3 años,,,3.9,Plástico,0.045,929002447606,3.9,11.4,,,1,,,,,"Colores, fría y cálida",,,,,,,,,,,Mate,,,15000,120.0,,,B12,,,,,,,,,,,,,,,,,,,,,,,,,,,,,
12.9,,Blanco,3 años,,,9.5,Plástico,0.047,929002383406,7.2,12.9,,,,,,,,"Colores, fría, cálida",,,,,,,,,,,Mate,,,25000,,,,Br30,,,,,,,,,,,,,,,1,,,,,,,,,,,,,,
4.5,30.0,Blanco,3 años,,Si,4.5,Plástico,0.4,P-3130-ld,12 W,4.5,,,1,,,,Si,Neutra,,Led,,,1 lámpara,,,,,,Mate,,,25000,127.0,,1.0,Led,,1.0,,,,,,,,,,,127v,,1,3 años de garantia,,4500k,Acrilico,,,,,,,,,,
11.1,4.6,Transparente,3 años,Vela,No,,Cristal,0.038,929002355242,4.5 w W,11.1,4.6,0.0,1,,Eléctrico,-,Si,Cálida,,E27,No,Individual,1 foco,27.0,Filamento,B11,40.0,Vela,Brillante,4.5 w,-,15000,120.0,500,,Led,4.5,,120v,No,Cálida,E27,80,N/a,,,,,1,,,-,,,-,,,,,,,,,,
25.3,8.0,Blanco,2 años,Ahorrador,No,,Vidrio,0.162,Dulux el twist 65 w/865,65,25.3,9.0,,1,,,,Si,Fría,,E27,No,,1 foco,,,,,,Semi brillante,25.3 x 8 cm,,10000,127.0,,4.0,Fluorescente,65.0,4.0,,,,,,,,,,,,,,,,6500,,,,,,,,,,,
9.5,5.0,Blanco,3 años,,No,,Vidrio,0.25,154910,,9.5,,,2,,Eléctrico,,Si,Fría,,,No,,1 paquete con 2 focos,5000.0,,,,Gota,Mate,,,,127.0,,,Led,,,,No,,,,,,,,,,,,,,,,,,,,,,,,,
12.0,12.0,Blanco,1 año,,,12.0,Aluminio y plastico,0.37,39102_0_4_eco,6 W,,,,1,,,,Plafon,Neutra,,,,,,40.0,,Empotrado plafon,4.0,,Mate,,,,,,375.0,Led,,,,No,Led neutra,Led,,,,,,,,,,,,,,,,,,,,,,,
5.8,,Blanco,3 años,,,5.0,Plástico,0.055,929002447212,4.9,5.8,,,,,,,,"Colores, fría y cálida",,,,,,,,,,,Brilloso,,,15000,120.0,,,Par16,,,,,,,,,,,,,,,,,,,,,,,,,,,,,
10.59,,Blanco,5 años,,No,5.99,Plástico,0.045,B9a19a60wmxs02,60 w W,10.59,5.99,,1,,,,No,Fría,,,No,Individual,,,,A19,,Estandar,Mate,,,15000,127.0,,,Led,,,,,,E27,,,,,,,,,,,,,,Exclusivo,,,,,,,,,
10.0,6.0,Ámbar,3 años,Vintage,No,0.0,Vidrio,0.064,929001941548,4 W,10.0,5.8,0.0,2,,Led,35w,Si,Cálida,,,No,Pack,1 empaque con 2 focos,2500.0,,A60,,Estandar,Brillante,4w,,15000,,4000,,Led,4.0,,100-240v,No,Cálida,E27,80,280,,,,,,A60,,,,,,,,,,,,,,,
11.1,6.1,Blanco,2 años,Sceneswitch,No,6.1,Plástico,0.66,929001263223,9.5 W,11.1,6.1,0.0,2,,Led,Na,Si,Dimeable,,A19,No,Paquete,,,,A19,,Estandar,Semi brillante,Na,Na,15000,120.0,800l,8.0,Led,9.5,,,,,E26,,,,,,,Na,A19,,Na,,,Na,,,,,,,,,,
8.5,4.0,Amarillo,3 años,A15,No,4.0,Plástico,0.076,Led5a15c,5 W,8.5,4.0,,1,,,2 m2,Si,,,E26,,Individual,,,,A15,,Estandar,Semi brillante,60 hz,,25000,120.0,,,Led,5.0,,,,,E26,,,,,,,Alámbrica,A15,,,,,Blíster,Exclusivo,,,,,,,,,
10.7,6.0,Ámbar,3 meses,Decorativo,No,,Vidrio,0.03,40at19/mx,,10.7,,,1,,Eléctrico,,Si,Luz cálida,,,No,,1 foco,21.0,,,,Gota,Semi mate,,,,120.0,,,Incandescente,,,,Si,,,,,,,,,,,,,,,,,,,,,,,,,
5.5,5.0,Blanco,3 años,,No,,Plástico,0.029,158777,3.5 w W,5.5,,,3,,,,Si,Fría,,Gu10,,3,1 paquete con 3 focos,,,,,Circular,Brillante,,,,240.0,,,Mr16,,,,,Fría,,,,Blanco,,,,,,,,,,,,,,,,,,,,
9.0,3.5,Blanco,3 años,Vela,No,,Vidrio,0.016,154922,4 w W,9.0,,,3,,Eléctrico,,Si,Cálida,,E26,,,1 empaque con 3 focos,,,,,,Mate,9 x 3.5 cm,,15000,120.0,420,,Led,,,,,,,,,Blanco,,,,,,,,,2700 k,,,,,,,,,,,
5.5,5.0,Blanco,3 años,,No,,Plástico,0.03,158774,3.5 w W,5.5,,,1,,,,Si,Cálida,,Gu10,,1,1 foco,,,,,Circular,Brillante,,,,,,,Mr16,,,,,,,,,Blanco,,,,,,,,,,,,,,,,,,,,
9.9,3.5,Transparente,3 años,,No,,Vidrio,0.019,929003068342,4.5 W,9.9,,,1,,,,,Neutra fría,,E14,,,1 foco,,,,,,Brillante,,,15000,120.0,,,Led,,,,No,Fría,E14,,,Transparente,50.0,,,E14,,,,,,,,,,,,,,,,
10.8,,Blanco,3 años,A19,No,,Plástico,0.06,929002312711,13 W,,6.0,,1,,Led,,Si,Cálida,,E27,No,Individual,,30.0,,A19,1.0,Estandar,Mate,,,15000,,,1.0,Led,12.0,1.0,100-130v,No,Cálida,E27,80,150,,,,,Alámbrica,A19,,,,,,,,,,,,,,,
10.2,4.0,Blanco,2 años,Ahorrador,No,,Vidrio,0.038,Dulux el micro twist 13w/865,13,10.2,4.0,,,,,,Si,Fría,,E27,No,,1 empaque con 5 focos,,,,,,Semi brillante,,,10000,127.0,,,Fluorescente,13.0,,,,,,,,,,,,,,,,,,,,,,,,,,,,
30.0,,Ambar,2 años,,,16.401,Vidrio,0.23,80292,5w W,30.0,16.401,,1,,,,,Cálida,,,No,1,,2000.0,,St164,2.0,,Satinado,,,15000,,350 lm,350.0,Led,5.0,350.0,,No,Cálida,E27,Mayor a 80,N/a,,2000.0,,Interior,,,,Garantía en piezas y componentes con vigencia de 9,,,,,,,,,,,,,
11.3,11.3,Blanco,90 días en tienda,A19,No,11.3,Plástico,0.6,19239-1,9 W,11.3,6.0,,10,,,,Si,Cálida,,E26,-,Pack,,,,,,,Mate,,,15000,120.0,,,Led,9.0,,,,,,,,,,,,E27,A19,,,,,,Exclusivo,,,,,,,,,
2.78,,Blanco,2 años,T8,No,,Vidrio,0.68,929001966003,16 W,,0.0,0.0,2,,Eléctrico,,Si,Fría,,G13,No,1,,50.0,,T8,,Tubo,Brillante,16 w,Wats,36000,330.0,,1.0,Led,16.0,1.0,40-330v,No,Fría,G13,80,240,,,,,2,,,,,,,,,,,,,,,,
14.0,,Amarillo,90 días en tienda,Filamento,No,9.5,Vidrio,0.065,929001948248,4 w W,14.0,9.5,0.0,2,,Led,35w,Si,Cálida,,E27,No,Pack,2 focos,25.0,,G93,,Globo,Brillante,4w,,15000,,400,,Led,4.0,,100-240v,No,Cálida,E27,80,280,Amarillo,,,,,G93,,,,,,,,,,,,,,,
28.301,,Negro,2 años,,,20.0,Vidrio,0.26,80291,,28.301,20.0,,1,,,,,Blanca,,,No,1,,400.0,,G200,2.0,,Ahumado,,,15000,,250 lm,250.0,Led,5.0,250.0,,No,Blanca,E27,Mayor a 80,N/a,,400.0,,Interior,,,,Garantía en piezas y componentes con vigencia de 9,,,,,,,,,,,,,
5.5,5.0,Blanco,3 años,,No,,Plástico,0.03,158780,5 w W,5.5,,,3,,,,Si,Cálida,,Gu10,,3,1 paquete con 3 focos,,,,,Circular,Brillante,,,,240.0,,,Mr16,,,,,Cálida,,,,Blanco,,,,,,,,,,,,,,,,,,,,
